"Activity_ID","Operator","Activity","Activity_Date","Job_Id","Operation","Activity_Time"
213,5,4,2020-11-19 00:00:00,136,10,"9:19:08 AM"
214,5,4,2020-11-19 00:00:00,137,10,"9:21:23 AM"
215,21,4,2020-11-19 00:00:00,138,10,"9:25:03 AM"
216,2,4,2020-11-19 00:00:00,139,10,"9:27:00 AM"
217,2,4,2020-11-19 00:00:00,140,10,"9:28:44 AM"
218,4,4,2020-11-19 00:00:00,141,10,"9:30:46 AM"
219,3,4,2020-11-19 00:00:00,142,10,"9:32:37 AM"
220,7,4,2020-11-19 00:00:00,143,10,"9:39:46 AM"
221,23,4,2020-11-19 00:00:00,144,10,"9:42:06 AM"
222,23,4,2020-11-19 00:00:00,145,10,"9:43:46 AM"
223,21,4,2020-11-19 00:00:00,146,10,"9:48:35 AM"
224,21,2,2020-11-19 00:00:00,146,10,"9:49:08 AM"
225,5,4,2020-11-19 00:00:00,147,10,"10:11:43 AM"
226,4,2,2020-11-19 00:00:00,141,60,"10:38:51 AM"
227,21,2,2020-11-19 00:00:00,138,50,"11:05:49 AM"
228,23,2,2020-11-19 00:00:00,145,50,"11:14:07 AM"
229,3,2,2020-11-19 00:00:00,142,40,"11:24:22 AM"
230,3,4,2020-11-19 00:00:00,148,10,"11:27:30 AM"
231,23,2,2020-11-19 00:00:00,144,30,"12:39:33 PM"
232,4,4,2020-11-19 00:00:00,149,10,"12:56:11 PM"
233,4,3,2020-11-19 00:00:00,149,30,"12:57:40 PM"
234,3,3,2020-11-19 00:00:00,148,10,"1:28:59 PM"
235,5,2,2020-11-19 00:00:00,136,60,"1:31:07 PM"
236,5,2,2020-11-19 00:00:00,137,40,"1:31:22 PM"
237,5,3,2020-11-19 00:00:00,147,40,"1:32:41 PM"
238,7,2,2020-11-19 00:00:00,143,40,"1:33:17 PM"
239,21,2,2020-11-19 00:00:00,140,60,"1:34:13 PM"
240,2,2,2020-11-19 00:00:00,139,30,"1:35:11 PM"
244,24,4,2020-11-19 00:00:00,150,10,"3:05:02 PM"
245,18,7,2020-11-19 00:00:00,147,50,"3:10:03 PM"
246,12,7,2020-11-19 00:00:00,148,20,"3:10:21 PM"
247,24,2,2020-11-19 00:00:00,150,30,"3:17:20 PM"
248,24,4,2020-11-19 00:00:00,151,10,"3:32:41 PM"
249,19,4,2020-11-19 00:00:00,152,10,"3:36:05 PM"
250,19,2,2020-11-19 00:00:00,152,50,"3:36:19 PM"
251,19,7,2020-11-19 00:00:00,149,30,"3:43:11 PM"
252,20,4,2020-11-19 00:00:00,153,10,"3:53:40 PM"
253,24,2,2020-11-19 00:00:00,151,60,"4:25:15 PM"
254,24,4,2020-11-19 00:00:00,154,10,"5:09:15 PM"
255,19,2,2020-11-19 00:00:00,149,40,"5:41:44 PM"
256,19,4,2020-11-19 00:00:00,155,10,"5:50:29 PM"
257,20,4,2020-11-19 00:00:00,156,10,"6:52:32 PM"
258,20,2,2020-11-19 00:00:00,156,30,"6:53:02 PM"
259,18,2,2020-11-19 00:00:00,147,80,"7:54:59 PM"
260,20,2,2020-11-19 00:00:00,153,30,"7:56:12 PM"
261,20,4,2020-11-19 00:00:00,157,10,"8:39:05 PM"
262,24,2,2020-11-19 00:00:00,154,70,"9:25:33 PM"
263,20,3,2020-11-19 00:00:00,157,10,"9:28:11 PM"
264,12,2,2020-11-19 00:00:00,148,50,"9:48:56 PM"
265,19,2,2020-11-19 00:00:00,155,30,"9:58:47 PM"
266,21,4,2020-11-20 00:00:00,158,10,"3:57:23 AM"
267,21,4,2020-11-20 00:00:00,159,10,"3:59:10 AM"
269,5,4,2020-11-20 00:00:00,161,10,"4:11:39 AM"
271,5,7,2020-11-20 00:00:00,157,20,"4:46:29 AM"
272,2,4,2020-11-20 00:00:00,162,10,"4:57:27 AM"
273,4,4,2020-11-20 00:00:00,163,10,"5:00:15 AM"
274,23,4,2020-11-20 00:00:00,164,10,"5:03:13 AM"
275,3,4,2020-11-20 00:00:00,165,10,"5:12:12 AM"
276,7,4,2020-11-20 00:00:00,166,10,"5:14:50 AM"
277,5,2,2020-11-20 00:00:00,157,30,"6:38:56 AM"
278,21,2,2020-11-20 00:00:00,158,30,"6:50:31 AM"
279,5,2,2020-11-20 00:00:00,161,20,"7:05:44 AM"
280,5,4,2020-11-20 00:00:00,167,10,"7:10:08 AM"
281,23,4,2020-11-20 00:00:00,168,10,"7:20:10 AM"
282,4,4,2020-11-20 00:00:00,169,10,"7:59:14 AM"
283,23,2,2020-11-20 00:00:00,164,20,"8:13:53 AM"
284,4,3,2020-11-20 00:00:00,169,10,"8:38:12 AM"
285,2,2,2020-11-20 00:00:00,162,40,"9:50:09 AM"
286,21,4,2020-11-20 00:00:00,170,10,"10:17:30 AM"
287,23,2,2020-11-20 00:00:00,168,30,"11:14:58 AM"
288,21,2,2020-11-20 00:00:00,159,30,"12:23:32 PM"
289,5,2,2020-11-20 00:00:00,167,40,"12:41:03 PM"
290,4,2,2020-11-20 00:00:00,163,60,"12:58:44 PM"
291,21,3,2020-11-20 00:00:00,170,30,"1:06:35 PM"
292,3,2,2020-11-20 00:00:00,165,90,"1:21:28 PM"
293,7,4,2020-11-20 00:00:00,171,10,"1:30:45 PM"
294,7,3,2020-11-20 00:00:00,171,30,"1:33:04 PM"
295,7,3,2020-11-20 00:00:00,166,10,"1:41:47 PM"
296,19,4,2020-11-20 00:00:00,172,10,"1:51:14 PM"
297,19,7,2020-11-20 00:00:00,166,30,"1:52:17 PM"
298,18,4,2020-11-20 00:00:00,173,10,"1:55:36 PM"
299,14,4,2020-11-20 00:00:00,174,10,"1:59:27 PM"
300,12,4,2020-11-20 00:00:00,175,10,"2:01:11 PM"
301,20,4,2020-11-20 00:00:00,176,10,"2:04:06 PM"
302,24,4,2020-11-20 00:00:00,177,10,"2:05:37 PM"
303,20,7,2020-11-20 00:00:00,170,30,"2:35:06 PM"
304,24,2,2020-11-20 00:00:00,177,40,"3:17:08 PM"
305,14,3,2020-11-20 00:00:00,174,20,"3:23:09 PM"
306,14,4,2020-11-20 00:00:00,178,10,"4:00:06 PM"
307,24,4,2020-11-20 00:00:00,179,10,"4:37:14 PM"
308,24,2,2020-11-20 00:00:00,179,30,"6:43:21 PM"
309,18,2,2020-11-20 00:00:00,173,50,"7:43:31 PM"
310,18,7,2020-11-20 00:00:00,169,10,"7:46:15 PM"
311,19,2,2020-11-20 00:00:00,166,40,"8:04:32 PM"
312,14,2,2020-11-20 00:00:00,178,20,"8:16:46 PM"
313,20,2,2020-11-20 00:00:00,170,90,"8:23:19 PM"
314,20,1,2020-11-20 00:00:00,176,10,"9:26:51 PM"
315,20,2,2020-11-20 00:00:00,176,60,"9:36:15 PM"
316,18,3,2020-11-20 00:00:00,169,20,"9:40:46 PM"
317,19,2,2020-11-20 00:00:00,172,50,"9:41:25 PM"
318,12,2,2020-11-20 00:00:00,175,30,"9:45:30 PM"
319,23,4,2020-11-21 00:00:00,180,10,"3:59:07 AM"
321,21,7,2020-11-21 00:00:00,169,20,"4:03:55 AM"
322,5,4,2020-11-21 00:00:00,181,10,"4:08:28 AM"
323,7,4,2020-11-21 00:00:00,182,10,"5:22:38 AM"
324,23,4,2020-11-21 00:00:00,183,10,"5:33:40 AM"
325,21,2,2020-11-21 00:00:00,169,30,"6:13:42 AM"
326,21,7,2020-11-21 00:00:00,171,30,"6:30:53 AM"
327,23,2,2020-11-21 00:00:00,180,20,"8:11:38 AM"
328,21,2,2020-11-21 00:00:00,171,60,"8:40:18 AM"
329,23,3,2020-11-21 00:00:00,183,10,"8:54:15 AM"
330,19,7,2020-11-21 00:00:00,183,10,"9:03:37 AM"
331,7,3,2020-11-21 00:00:00,182,10,"9:04:36 AM"
332,14,7,2020-11-21 00:00:00,182,10,"9:06:29 AM"
333,20,4,2020-11-21 00:00:00,184,10,"9:10:14 AM"
334,14,3,2020-11-21 00:00:00,182,10,"12:30:49 PM"
335,19,7,2020-11-21 00:00:00,174,20,"1:02:08 PM"
336,19,2,2020-11-21 00:00:00,174,10,"1:02:18 PM"
337,20,2,2020-11-21 00:00:00,184,40,"1:34:34 PM"
338,19,2,2020-11-21 00:00:00,183,30,"1:44:58 PM"
339,5,3,2020-11-21 00:00:00,181,10,"9:10:23 AM"
340,5,4,2020-11-23 00:00:00,185,10,"4:07:57 AM"
341,21,4,2020-11-23 00:00:00,186,10,"4:11:10 AM"
342,2,4,2020-11-23 00:00:00,187,10,"4:58:32 AM"
343,23,4,2020-11-23 00:00:00,188,10,"5:00:02 AM"
344,3,4,2020-11-23 00:00:00,189,10,"5:01:39 AM"
345,7,7,2020-11-23 00:00:00,182,10,"5:17:19 AM"
346,2,4,2020-11-23 00:00:00,190,10,"5:23:35 AM"
347,21,2,2020-11-23 00:00:00,186,30,"6:28:58 AM"
348,21,4,2020-11-23 00:00:00,191,10,"6:55:53 AM"
349,23,2,2020-11-23 00:00:00,188,30,"6:56:19 AM"
350,23,4,2020-11-23 00:00:00,192,10,"7:14:14 AM"
351,2,2,2020-11-23 00:00:00,187,60,"8:11:42 AM"
352,7,4,2020-11-23 00:00:00,193,10,"8:36:50 AM"
353,7,2,2020-11-23 00:00:00,182,40,"9:38:04 AM"
354,5,7,2020-11-23 00:00:00,181,20,"4:07:04 AM"
355,5,2,2020-11-23 00:00:00,185,30,"12:09:43 PM"
356,21,2,2020-11-23 00:00:00,191,40,"12:13:05 PM"
357,23,2,2020-11-23 00:00:00,192,30,"12:30:40 PM"
358,3,2,2020-11-23 00:00:00,189,90,"1:21:05 PM"
359,7,3,2020-11-23 00:00:00,193,10,"1:27:16 PM"
360,12,4,2020-11-23 00:00:00,194,10,"1:40:26 PM"
361,18,4,2020-11-23 00:00:00,195,10,"1:42:19 PM"
362,14,7,2020-11-23 00:00:00,193,10,"1:46:26 PM"
363,14,2,2020-11-23 00:00:00,193,40,"2:23:17 PM"
364,19,4,2020-11-23 00:00:00,196,10,"4:05:56 PM"
365,19,4,2020-11-23 00:00:00,197,10,"4:07:20 PM"
366,14,4,2020-11-23 00:00:00,198,10,"8:51:12 PM"
367,18,2,2020-11-23 00:00:00,195,10,"9:30:46 PM"
368,14,2,2020-11-23 00:00:00,198,30,"9:40:07 PM"
369,12,2,2020-11-23 00:00:00,194,60,"9:50:30 PM"
370,19,2,2020-11-23 00:00:00,196,40,"10:16:01 PM"
371,19,2,2020-11-23 00:00:00,197,10,"10:16:09 PM"
372,21,4,2020-11-24 00:00:00,199,10,"4:06:58 AM"
373,21,4,2020-11-24 00:00:00,200,10,"4:08:32 AM"
374,5,4,2020-11-24 00:00:00,201,10,"4:14:19 AM"
375,23,4,2020-11-24 00:00:00,202,10,"5:00:33 AM"
376,21,2,2020-11-24 00:00:00,199,20,"5:00:54 AM"
377,3,4,2020-11-24 00:00:00,203,10,"5:03:32 AM"
378,7,4,2020-11-24 00:00:00,204,10,"5:13:00 AM"
379,5,4,2020-11-24 00:00:00,205,10,"6:04:03 AM"
380,21,2,2020-11-24 00:00:00,200,10,"7:18:37 AM"
381,23,3,2020-11-24 00:00:00,202,30,"7:26:01 AM"
383,23,4,2020-11-24 00:00:00,206,10,"7:41:37 AM"
384,3,2,2020-11-24 00:00:00,203,60,"7:52:37 AM"
385,3,4,2020-11-24 00:00:00,207,10,"7:53:39 AM"
386,21,4,2020-11-24 00:00:00,208,10,"8:02:58 AM"
387,7,4,2020-11-24 00:00:00,209,10,"8:47:28 AM"
388,3,2,2020-11-24 00:00:00,207,20,"9:20:06 AM"
389,3,4,2020-11-24 00:00:00,210,10,"9:23:28 AM"
390,7,2,2020-11-24 00:00:00,204,50,"9:50:41 AM"
392,23,3,2020-11-24 00:00:00,206,30,"10:02:08 AM"
393,5,2,2020-11-24 00:00:00,205,50,"10:09:15 AM"
394,5,4,2020-11-24 00:00:00,211,10,"10:12:30 AM"
395,23,4,2020-11-24 00:00:00,212,10,"10:18:59 AM"
396,2,2,2020-11-24 00:00:00,190,10,"10:22:55 AM"
397,21,2,2020-11-24 00:00:00,208,30,"10:54:10 AM"
398,5,2,2020-11-24 00:00:00,211,40,"12:46:11 PM"
399,23,2,2020-11-24 00:00:00,212,70,"12:52:51 PM"
400,3,2,2020-11-24 00:00:00,210,50,"1:18:39 PM"
401,7,3,2020-11-24 00:00:00,209,10,"1:21:26 PM"
402,5,2,2020-11-24 00:00:00,201,40,"1:27:21 PM"
403,19,4,2020-11-24 00:00:00,213,10,"1:42:28 PM"
404,18,4,2020-11-24 00:00:00,214,10,"1:43:25 PM"
405,12,4,2020-11-24 00:00:00,215,10,"1:46:40 PM"
406,20,7,2020-11-24 00:00:00,209,10,"1:51:21 PM"
407,20,2,2020-11-24 00:00:00,209,20,"3:44:42 PM"
408,19,4,2020-11-24 00:00:00,216,10,"4:08:35 PM"
409,19,1,2020-11-24 00:00:00,213,10,"4:11:31 PM"
410,20,4,2020-11-24 00:00:00,217,10,"5:36:21 PM"
411,20,2,2020-11-24 00:00:00,217,20,"7:58:15 PM"
412,12,2,2020-11-24 00:00:00,215,20,"8:00:24 PM"
415,12,7,2020-11-24 00:00:00,202,30,"9:25:59 PM"
416,12,7,2020-11-24 00:00:00,206,30,"9:26:12 PM"
417,12,2,2020-11-24 00:00:00,202,50,"9:26:33 PM"
418,12,2,2020-11-24 00:00:00,206,50,"9:26:52 PM"
419,19,2,2020-11-24 00:00:00,213,20,"9:40:36 PM"
420,19,2,2020-11-24 00:00:00,216,30,"9:40:48 PM"
421,18,2,2020-11-24 00:00:00,214,30,"10:10:47 PM"
422,21,4,2020-11-25 00:00:00,219,10,"4:03:40 AM"
423,5,4,2020-11-25 00:00:00,220,10,"4:11:06 AM"
424,5,4,2020-11-25 00:00:00,221,10,"4:12:09 AM"
425,23,4,2020-11-25 00:00:00,222,10,"5:00:56 AM"
426,3,4,2020-11-25 00:00:00,223,10,"5:04:01 AM"
427,7,4,2020-11-25 00:00:00,224,10,"5:05:29 AM"
428,21,2,2020-11-25 00:00:00,219,10,"6:25:53 AM"
429,21,4,2020-11-25 00:00:00,225,10,"6:28:00 AM"
430,21,4,2020-11-25 00:00:00,226,10,"6:52:14 AM"
431,23,3,2020-11-25 00:00:00,222,20,"6:54:47 AM"
432,23,4,2020-11-25 00:00:00,227,10,"7:19:09 AM"
433,7,3,2020-11-25 00:00:00,224,10,"7:29:41 AM"
434,7,3,2020-11-25 00:00:00,224,10,"7:30:49 AM"
435,7,7,2020-11-25 00:00:00,224,10,"7:32:33 AM"
436,3,2,2020-11-25 00:00:00,223,4,"8:17:29 AM"
437,3,4,2020-11-25 00:00:00,228,10,"8:28:21 AM"
438,23,3,2020-11-25 00:00:00,227,30,"8:30:34 AM"
440,23,4,2020-11-25 00:00:00,229,10,"8:44:00 AM"
441,21,2,2020-11-25 00:00:00,226,10,"9:00:11 AM"
442,7,4,2020-11-25 00:00:00,230,10,"9:06:49 AM"
443,21,2,2020-11-25 00:00:00,225,10,"10:32:09 AM"
444,5,2,2020-11-25 00:00:00,220,40,"10:35:53 AM"
445,7,5,2020-11-25 00:00:00,230,10,"10:58:51 AM"
446,21,4,2020-11-25 00:00:00,231,10,"11:03:47 AM"
447,23,2,2020-11-25 00:00:00,229,40,"12:35:07 PM"
448,3,2,2020-11-25 00:00:00,228,30,"12:52:31 PM"
449,7,3,2020-11-25 00:00:00,224,10,"1:01:32 PM"
450,21,3,2020-11-25 00:00:00,231,20,"1:03:02 PM"
451,5,2,2020-11-25 00:00:00,221,60,"1:04:51 PM"
452,18,4,2020-11-25 00:00:00,232,10,"1:45:47 PM"
453,19,7,2020-11-25 00:00:00,224,30,"1:47:19 PM"
454,19,7,2020-11-25 00:00:00,224,30,"1:48:12 PM"
455,19,7,2020-11-25 00:00:00,231,20,"1:48:59 PM"
456,20,4,2020-11-25 00:00:00,233,10,"1:53:35 PM"
457,12,4,2020-11-25 00:00:00,234,10,"1:55:21 PM"
458,12,4,2020-11-25 00:00:00,235,10,"1:56:05 PM"
459,20,3,2020-11-25 00:00:00,233,30,"3:16:57 PM"
460,19,2,2020-11-25 00:00:00,224,50,"3:19:14 PM"
461,18,2,2020-11-25 00:00:00,232,3,"3:28:52 PM"
462,20,4,2020-11-25 00:00:00,236,10,"3:37:25 PM"
463,20,2,2020-11-25 00:00:00,236,10,"4:15:53 PM"
464,12,2,2020-11-25 00:00:00,234,20,"4:38:00 PM"
465,20,4,2020-11-25 00:00:00,237,10,"4:50:16 PM"
466,19,7,2020-11-25 00:00:00,227,30,"5:23:26 PM"
467,12,2,2020-11-25 00:00:00,235,20,"5:26:32 PM"
468,12,4,2020-11-25 00:00:00,238,10,"5:28:35 PM"
469,18,4,2020-11-25 00:00:00,239,10,"5:46:04 PM"
470,19,2,2020-11-25 00:00:00,231,40,"7:19:42 PM"
471,19,2,2020-11-25 00:00:00,227,50,"8:05:12 PM"
472,19,7,2020-11-25 00:00:00,222,20,"8:06:16 PM"
473,18,3,2020-11-25 00:00:00,239,40,"9:26:10 PM"
474,19,2,2020-11-25 00:00:00,222,40,"9:34:35 PM"
475,12,2,2020-11-25 00:00:00,238,10,"9:36:03 PM"
476,20,2,2020-11-25 00:00:00,237,60,"10:17:47 PM"
477,4,4,2020-11-30 00:00:00,240,10,"5:04:38 AM"
478,18,2,2020-11-30 00:00:00,239,50,"9:52:13 AM"
479,20,3,2020-11-30 00:00:00,233,30,"9:53:25 AM"
480,5,4,2020-11-30 00:00:00,241,10,"11:32:29 AM"
481,23,4,2020-11-30 00:00:00,242,10,"11:33:37 AM"
482,23,2,2020-11-30 00:00:00,242,50,"11:34:03 AM"
483,2,4,2020-11-30 00:00:00,243,10,"11:34:41 AM"
484,2,1,2020-11-30 00:00:00,243,10,"11:35:06 AM"
485,3,4,2020-11-30 00:00:00,244,10,"11:35:57 AM"
486,7,4,2020-11-30 00:00:00,245,10,"11:36:51 AM"
487,21,4,2020-11-30 00:00:00,246,10,"11:37:32 AM"
488,21,2,2020-11-30 00:00:00,246,50,"11:37:49 AM"
489,2,4,2020-11-30 00:00:00,247,10,"11:38:30 AM"
490,23,4,2020-11-30 00:00:00,248,10,"11:39:22 AM"
491,23,2,2020-11-30 00:00:00,248,50,"11:39:36 AM"
492,21,4,2020-11-30 00:00:00,249,10,"11:40:34 AM"
494,4,1,2020-11-30 00:00:00,240,10,"12:25:43 PM"
495,4,2,2020-11-30 00:00:00,240,60,"12:25:56 PM"
496,2,2,2020-11-30 00:00:00,247,50,"1:01:00 PM"
497,2,2,2020-11-30 00:00:00,243,80,"1:01:22 PM"
498,5,2,2020-11-30 00:00:00,241,80,"1:18:33 PM"
499,21,2,2020-11-30 00:00:00,249,50,"1:22:58 PM"
500,3,4,2020-11-30 00:00:00,251,10,"1:25:47 PM"
501,18,4,2020-11-30 00:00:00,252,10,"1:43:31 PM"
502,19,4,2020-11-30 00:00:00,253,10,"1:46:03 PM"
503,12,7,2020-11-30 00:00:00,233,30,"1:49:15 PM"
504,20,4,2020-11-30 00:00:00,254,10,"1:57:31 PM"
505,3,2,2020-11-30 00:00:00,244,50,"2:36:29 PM"
506,3,2,2020-11-30 00:00:00,251,40,"2:36:58 PM"
508,7,3,2020-11-30 00:00:00,245,10,"2:38:35 PM"
509,12,7,2020-11-30 00:00:00,245,10,"2:38:53 PM"
510,12,2,2020-11-30 00:00:00,245,50,"5:14:20 PM"
511,20,2,2020-11-30 00:00:00,254,50,"7:20:23 PM"
512,20,4,2020-11-30 00:00:00,255,10,"8:50:22 PM"
513,12,4,2020-11-30 00:00:00,256,10,"9:26:37 PM"
514,12,2,2020-11-30 00:00:00,233,70,"9:27:58 PM"
516,12,2,2020-11-30 00:00:00,256,30,"9:29:20 PM"
517,20,3,2020-11-30 00:00:00,255,20,"9:34:03 PM"
518,18,2,2020-11-30 00:00:00,252,50,"9:37:16 PM"
519,19,2,2020-11-30 00:00:00,253,40,"9:43:34 PM"
520,21,7,2020-12-01 00:00:00,255,10,"4:02:52 AM"
521,5,4,2020-12-01 00:00:00,258,10,"4:09:51 AM"
522,21,2,2020-12-01 00:00:00,255,40,"4:41:48 AM"
524,2,4,2020-12-01 00:00:00,259,10,"4:56:45 AM"
525,23,4,2020-12-01 00:00:00,260,10,"5:01:41 AM"
526,4,4,2020-12-01 00:00:00,261,10,"5:04:39 AM"
527,3,4,2020-12-01 00:00:00,262,10,"5:07:14 AM"
528,7,4,2020-12-01 00:00:00,263,10,"5:08:34 AM"
529,3,5,2020-12-01 00:00:00,262,10,"5:17:11 AM"
530,3,4,2020-12-01 00:00:00,264,10,"5:18:08 AM"
531,23,3,2020-12-01 00:00:00,260,20,"6:34:34 AM"
532,7,4,2020-12-01 00:00:00,265,10,"5:10:25 AM"
533,7,3,2020-12-01 00:00:00,265,10,"8:01:16 AM"
534,25,7,2020-12-01 00:00:00,265,20,"1:40:26 PM"
535,25,3,2020-12-01 00:00:00,265,20,"2:30:03 PM"
536,3,2,2020-12-01 00:00:00,264,50,"8:09:40 AM"
537,3,4,2020-12-01 00:00:00,266,10,"8:13:31 AM"
538,2,2,2020-12-01 00:00:00,259,7,"10:01:03 AM"
539,7,2,2020-12-01 00:00:00,263,50,"10:31:17 AM"
540,23,4,2020-12-01 00:00:00,267,10,"11:19:12 AM"
541,23,2,2020-12-01 00:00:00,267,20,"11:19:34 AM"
542,5,3,2020-12-01 00:00:00,258,50,"1:25:05 PM"
543,3,2,2020-12-01 00:00:00,266,80,"1:25:52 PM"
544,4,3,2020-12-01 00:00:00,261,70,"1:32:43 PM"
545,12,4,2020-12-01 00:00:00,268,10,"1:52:22 PM"
546,12,4,2020-12-01 00:00:00,269,10,"1:57:31 PM"
547,20,4,2020-12-01 00:00:00,270,10,"2:00:48 PM"
548,19,7,2020-12-01 00:00:00,261,70,"2:06:51 PM"
549,18,7,2020-12-01 00:00:00,258,50,"2:07:18 PM"
550,14,4,2020-12-01 00:00:00,271,10,"2:11:15 PM"
551,12,2,2020-12-01 00:00:00,269,70,"3:05:05 PM"
552,12,4,2020-12-01 00:00:00,272,10,"3:14:05 PM"
553,14,4,2020-12-01 00:00:00,273,10,"3:28:39 PM"
554,14,2,2020-12-01 00:00:00,273,9,"3:41:14 PM"
555,12,2,2020-12-01 00:00:00,272,10,"3:59:56 PM"
558,19,2,2020-12-01 00:00:00,261,70,"4:12:16 PM"
559,12,4,2020-12-01 00:00:00,274,10,"4:52:13 PM"
560,14,3,2020-12-01 00:00:00,271,20,"5:02:41 PM"
561,18,4,2020-12-01 00:00:00,275,10,"5:17:16 PM"
562,20,4,2020-12-01 00:00:00,276,10,"5:18:27 PM"
564,18,4,2020-12-01 00:00:00,277,10,"5:37:08 PM"
565,19,4,2020-12-01 00:00:00,278,10,"6:35:17 PM"
566,20,2,2020-12-01 00:00:00,276,20,"6:36:29 PM"
567,12,2,2020-12-01 00:00:00,268,40,"7:43:40 PM"
568,14,4,2020-12-01 00:00:00,279,10,"7:58:24 PM"
569,14,2,2020-12-01 00:00:00,279,20,"7:58:47 PM"
570,18,2,2020-12-01 00:00:00,258,75,"7:59:49 PM"
571,18,2,2020-12-01 00:00:00,277,20,"8:00:08 PM"
572,18,7,2020-12-01 00:00:00,275,10,"8:01:14 PM"
573,12,2,2020-12-01 00:00:00,274,10,"8:45:47 PM"
574,18,2,2020-12-01 00:00:00,275,2,"9:22:40 PM"
575,20,2,2020-12-01 00:00:00,270,40,"10:01:47 PM"
576,19,2,2020-12-01 00:00:00,278,40,"10:22:50 PM"
577,21,4,2020-12-02 00:00:00,280,10,"4:03:04 AM"
578,5,4,2020-12-02 00:00:00,281,10,"4:11:33 AM"
579,5,4,2020-12-02 00:00:00,282,10,"4:12:33 AM"
580,2,4,2020-12-02 00:00:00,283,10,"4:56:34 AM"
581,23,7,2020-12-02 00:00:00,260,20,"4:57:15 AM"
582,2,4,2020-12-02 00:00:00,284,10,"5:01:52 AM"
583,3,4,2020-12-02 00:00:00,285,10,"5:04:14 AM"
584,4,4,2020-12-02 00:00:00,286,10,"5:06:12 AM"
585,7,4,2020-12-02 00:00:00,287,10,"5:13:55 AM"
586,3,5,2020-12-02 00:00:00,285,10,"6:23:03 AM"
587,3,4,2020-12-02 00:00:00,288,10,"6:24:10 AM"
588,23,2,2020-12-02 00:00:00,260,30,"6:30:28 AM"
589,23,4,2020-12-02 00:00:00,289,10,"6:51:03 AM"
591,21,3,2020-12-02 00:00:00,280,10,"7:27:44 AM"
592,21,4,2020-12-02 00:00:00,290,10,"7:28:50 AM"
593,2,2,2020-12-02 00:00:00,283,5,"8:06:21 AM"
594,5,2,2020-12-02 00:00:00,282,50,"9:34:54 AM"
595,2,4,2020-12-02 00:00:00,291,10,"9:41:15 AM"
596,23,2,2020-12-02 00:00:00,289,20,"10:14:13 AM"
597,4,4,2020-12-02 00:00:00,292,10,"10:38:39 AM"
598,23,4,2020-12-02 00:00:00,293,10,"10:43:44 AM"
599,2,2,2020-12-02 00:00:00,284,7,"10:52:39 AM"
600,21,2,2020-12-02 00:00:00,290,30,"11:17:05 AM"
601,5,2,2020-12-02 00:00:00,281,60,"11:18:37 AM"
602,2,2,2020-12-02 00:00:00,291,10,"12:14:17 PM"
603,21,2,2020-12-02 00:00:00,280,50,"12:49:50 PM"
604,23,2,2020-12-02 00:00:00,293,20,"1:05:53 PM"
605,7,2,2020-12-02 00:00:00,287,50,"1:06:16 PM"
606,4,2,2020-12-02 00:00:00,286,60,"1:11:51 PM"
607,4,3,2020-12-02 00:00:00,292,10,"1:12:05 PM"
608,19,4,2020-12-02 00:00:00,294,10,"1:48:23 PM"
609,18,4,2020-12-02 00:00:00,295,10,"1:49:15 PM"
610,25,7,2020-12-02 00:00:00,271,30,"1:52:22 PM"
611,12,4,2020-12-02 00:00:00,296,10,"1:59:31 PM"
612,20,4,2020-12-02 00:00:00,297,10,"2:17:51 PM"
613,25,2,2020-12-02 00:00:00,271,30,"3:20:06 PM"
614,25,4,2020-12-02 00:00:00,298,10,"3:55:00 PM"
615,18,2,2020-12-02 00:00:00,295,2,"3:56:39 PM"
616,18,4,2020-12-02 00:00:00,299,10,"3:58:47 PM"
617,19,2,2020-12-02 00:00:00,294,30,"5:38:53 PM"
618,19,7,2020-12-02 00:00:00,292,10,"5:40:22 PM"
619,19,2,2020-12-02 00:00:00,292,10,"6:22:57 PM"
620,20,4,2020-12-02 00:00:00,300,10,"7:14:45 PM"
621,19,4,2020-12-02 00:00:00,301,10,"7:18:05 PM"
622,20,3,2020-12-02 00:00:00,300,20,"8:10:19 PM"
623,20,2,2020-12-02 00:00:00,297,40,"8:48:15 PM"
624,18,2,2020-12-02 00:00:00,299,40,"9:24:32 PM"
625,25,2,2020-12-02 00:00:00,298,10,"9:34:30 PM"
626,12,2,2020-12-02 00:00:00,296,30,"10:06:24 PM"
627,19,3,2020-12-02 00:00:00,301,20,"10:07:52 PM"
628,21,4,2020-12-03 00:00:00,302,10,"4:05:13 AM"
629,5,4,2020-12-03 00:00:00,303,10,"4:09:20 AM"
630,2,4,2020-12-03 00:00:00,304,10,"4:57:33 AM"
631,23,7,2020-12-03 00:00:00,301,30,"4:58:53 AM"
632,3,4,2020-12-03 00:00:00,305,10,"5:01:29 AM"
633,4,4,2020-12-03 00:00:00,306,10,"5:07:45 AM"
634,7,4,2020-12-03 00:00:00,307,10,"5:11:39 AM"
635,2,4,2020-12-03 00:00:00,308,10,"5:48:44 AM"
636,23,2,2020-12-03 00:00:00,301,40,"6:02:59 AM"
637,23,4,2020-12-03 00:00:00,309,10,"6:35:05 AM"
638,2,4,2020-12-03 00:00:00,310,10,"6:46:11 AM"
639,21,4,2020-12-03 00:00:00,311,10,"6:56:25 AM"
640,7,3,2020-12-03 00:00:00,307,10,"8:09:40 AM"
642,23,4,2020-12-03 00:00:00,312,10,"8:53:17 AM"
643,4,2,2020-12-03 00:00:00,306,60,"9:07:24 AM"
644,4,4,2020-12-03 00:00:00,313,10,"9:09:55 AM"
646,23,1,2020-12-03 00:00:00,312,10,"9:16:29 AM"
647,2,2,2020-12-03 00:00:00,304,50,"9:37:01 AM"
648,21,2,2020-12-03 00:00:00,302,40,"9:43:47 AM"
649,23,5,2020-12-03 00:00:00,309,10,"9:15:54 AM"
650,21,2,2020-12-03 00:00:00,311,40,"10:15:36 AM"
651,2,2,2020-12-03 00:00:00,310,30,"10:19:51 AM"
652,21,4,2020-12-03 00:00:00,314,10,"10:22:04 AM"
653,2,2,2020-12-03 00:00:00,308,30,"10:57:33 AM"
654,21,2,2020-12-03 00:00:00,314,10,"12:38:44 PM"
655,5,2,2020-12-03 00:00:00,303,110,"12:50:38 PM"
656,7,4,2020-12-03 00:00:00,315,10,"1:12:01 PM"
657,7,3,2020-12-03 00:00:00,315,10,"1:13:14 PM"
658,4,2,2020-12-03 00:00:00,313,60,"1:17:30 PM"
659,23,2,2020-12-03 00:00:00,312,40,"1:19:10 PM"
660,19,4,2020-12-03 00:00:00,316,10,"1:41:21 PM"
661,12,4,2020-12-03 00:00:00,317,10,"1:44:24 PM"
662,24,4,2020-12-03 00:00:00,318,10,"1:45:20 PM"
663,25,4,2020-12-03 00:00:00,319,10,"1:58:26 PM"
664,20,4,2020-12-03 00:00:00,320,10,"2:07:56 PM"
665,3,2,2020-12-03 00:00:00,305,20,"2:29:19 PM"
666,3,3,2020-12-03 00:00:00,288,20,"2:31:42 PM"
667,18,4,2020-12-03 00:00:00,321,10,"4:05:27 PM"
668,24,2,2020-12-03 00:00:00,318,50,"4:53:40 PM"
669,19,2,2020-12-03 00:00:00,316,30,"5:08:00 PM"
671,19,7,2020-12-03 00:00:00,307,20,"5:25:42 PM"
672,25,2,2020-12-03 00:00:00,319,10,"5:43:45 PM"
673,25,4,2020-12-03 00:00:00,323,10,"7:01:41 PM"
674,24,7,2020-12-03 00:00:00,315,10,"8:54:43 PM"
675,18,3,2020-12-03 00:00:00,321,6,"8:57:55 PM"
676,20,2,2020-12-03 00:00:00,320,60,"9:18:20 PM"
677,25,3,2020-12-03 00:00:00,323,10,"9:25:51 PM"
678,12,3,2020-12-03 00:00:00,317,50,"9:53:35 PM"
683,19,2,2020-12-03 00:00:00,307,30,"9:55:47 PM"
684,24,2,2020-12-03 00:00:00,315,40,"9:57:33 PM"
685,5,2,2020-11-23 00:00:00,181,30,"12:09:25 PM"
686,5,7,2020-12-04 00:00:00,323,10,"4:07:38 AM"
687,21,7,2020-12-04 00:00:00,288,20,"4:09:04 AM"
688,21,7,2020-12-04 00:00:00,265,20,"4:09:39 AM"
689,23,4,2020-12-04 00:00:00,324,10,"4:59:55 AM"
690,12,7,2020-12-04 00:00:00,317,50,"5:01:54 AM"
691,4,4,2020-12-04 00:00:00,325,10,"5:04:37 AM"
692,7,4,2020-12-04 00:00:00,326,10,"5:15:33 AM"
693,21,2,2020-12-04 00:00:00,265,30,"6:09:02 AM"
694,5,2,2020-12-04 00:00:00,323,10,"7:08:09 AM"
695,5,4,2020-12-04 00:00:00,327,10,"7:39:19 AM"
696,7,2,2020-12-04 00:00:00,326,40,"8:20:18 AM"
697,12,2,2020-12-04 00:00:00,317,100,"8:41:38 AM"
698,21,2,2020-12-04 00:00:00,288,50,"8:58:44 AM"
699,23,2,2020-12-04 00:00:00,324,30,"8:59:44 AM"
700,3,4,2020-12-04 00:00:00,328,10,"9:16:55 AM"
701,23,4,2020-12-04 00:00:00,329,10,"9:29:56 AM"
702,7,4,2020-12-04 00:00:00,330,10,"10:06:58 AM"
703,5,3,2020-12-04 00:00:00,327,20,"11:03:47 AM"
704,23,3,2020-12-04 00:00:00,329,30,"11:40:23 AM"
705,7,3,2020-12-04 00:00:00,330,10,"12:57:12 PM"
706,4,2,2020-12-04 00:00:00,325,60,"1:25:07 PM"
707,18,4,2020-12-04 00:00:00,331,10,"1:49:06 PM"
708,12,4,2020-12-04 00:00:00,332,10,"1:51:39 PM"
709,20,4,2020-12-04 00:00:00,333,10,"1:59:34 PM"
710,25,7,2020-12-04 00:00:00,327,20,"2:01:51 PM"
711,12,2,2020-12-04 00:00:00,332,40,"2:16:08 PM"
712,3,2,2020-12-04 00:00:00,328,40,"2:23:10 PM"
713,12,4,2020-12-04 00:00:00,334,10,"2:41:02 PM"
714,18,2,2020-12-04 00:00:00,331,2,"3:15:00 PM"
715,12,2,2020-12-04 00:00:00,334,30,"3:19:46 PM"
716,25,2,2020-12-04 00:00:00,327,30,"3:28:40 PM"
717,25,7,2020-12-04 00:00:00,330,20,"3:47:45 PM"
718,25,3,2020-12-04 00:00:00,330,40,"6:06:48 PM"
719,25,7,2020-12-04 00:00:00,329,30,"7:28:30 PM"
720,12,4,2020-12-04 00:00:00,335,10,"7:32:56 PM"
721,12,2,2020-12-04 00:00:00,335,100,"8:44:55 PM"
722,25,2,2020-12-04 00:00:00,329,50,"8:49:27 PM"
723,20,3,2020-12-04 00:00:00,333,60,"9:44:48 PM"
724,21,7,2020-12-07 00:00:00,333,60,"4:00:32 AM"
725,5,4,2020-12-07 00:00:00,336,10,"4:09:09 AM"
726,21,2,2020-12-07 00:00:00,333,80,"4:58:40 AM"
727,23,4,2020-12-07 00:00:00,337,10,"5:00:36 AM"
728,4,4,2020-12-07 00:00:00,338,10,"5:05:40 AM"
729,3,4,2020-12-07 00:00:00,339,10,"5:20:53 AM"
730,7,7,2020-12-07 00:00:00,330,40,"5:22:46 AM"
731,7,4,2020-12-07 00:00:00,340,10,"5:23:48 AM"
732,4,5,2020-12-07 00:00:00,338,10,"5:24:39 AM"
733,4,4,2020-12-07 00:00:00,341,10,"5:30:10 AM"
734,21,4,2020-12-07 00:00:00,342,10,"7:55:10 AM"
735,21,2,2020-12-07 00:00:00,342,20,"7:55:32 AM"
736,7,2,2020-12-07 00:00:00,330,40,"9:02:22 AM"
737,7,3,2020-12-07 00:00:00,340,10,"9:04:26 AM"
738,23,2,2020-12-07 00:00:00,337,40,"9:17:56 AM"
739,7,4,2020-12-07 00:00:00,343,10,"9:28:58 AM"
740,3,2,2020-12-07 00:00:00,339,50,"9:30:42 AM"
741,23,4,2020-12-07 00:00:00,344,10,"9:39:39 AM"
742,5,2,2020-12-07 00:00:00,336,100,"12:14:49 PM"
743,23,2,2020-12-07 00:00:00,344,20,"12:29:59 PM"
744,23,4,2020-12-07 00:00:00,345,10,"12:31:10 PM"
745,23,2,2020-12-07 00:00:00,345,40,"12:31:23 PM"
746,7,3,2020-12-07 00:00:00,343,10,"1:11:49 PM"
747,20,2,2020-12-07 00:00:00,300,30,"1:20:39 PM"
748,4,2,2020-12-07 00:00:00,341,50,"1:28:05 PM"
749,19,7,2020-12-07 00:00:00,343,10,"1:46:00 PM"
750,18,4,2020-12-07 00:00:00,346,10,"1:48:57 PM"
751,20,4,2020-12-07 00:00:00,347,10,"1:53:29 PM"
752,25,4,2020-12-07 00:00:00,348,10,"1:56:33 PM"
753,18,3,2020-12-07 00:00:00,346,20,"4:18:43 PM"
754,18,4,2020-12-07 00:00:00,349,10,"4:47:03 PM"
755,12,4,2020-12-07 00:00:00,350,10,"5:12:25 PM"
756,19,2,2020-12-07 00:00:00,343,40,"5:23:54 PM"
757,19,4,2020-12-07 00:00:00,351,10,"5:51:07 PM"
758,18,2,2020-12-07 00:00:00,349,40,"8:14:38 PM"
759,18,4,2020-12-07 00:00:00,352,10,"8:40:05 PM"
760,19,2,2020-12-07 00:00:00,351,10,"9:03:07 PM"
761,20,2,2020-12-07 00:00:00,347,60,"9:18:11 PM"
762,18,2,2020-12-07 00:00:00,352,10,"9:20:08 PM"
763,12,4,2020-12-07 00:00:00,353,10,"9:26:49 PM"
764,12,2,2020-12-07 00:00:00,353,20,"10:01:33 PM"
765,25,2,2020-12-07 00:00:00,348,10,"10:01:53 PM"
766,21,4,2020-12-08 00:00:00,354,10,"4:01:08 AM"
767,5,4,2020-12-08 00:00:00,355,10,"4:09:54 AM"
768,23,4,2020-12-08 00:00:00,356,10,"4:56:58 AM"
769,3,4,2020-12-08 00:00:00,357,10,"5:03:06 AM"
770,4,4,2020-12-08 00:00:00,358,10,"5:10:04 AM"
771,3,5,2020-12-08 00:00:00,357,10,"5:12:04 AM"
772,7,7,2020-12-08 00:00:00,346,20,"5:15:59 AM"
773,3,4,2020-12-08 00:00:00,359,10,"5:25:10 AM"
774,21,2,2020-12-08 00:00:00,354,50,"6:03:11 AM"
775,21,4,2020-12-08 00:00:00,360,10,"6:29:04 AM"
776,2,4,2020-12-08 00:00:00,361,10,"7:37:27 AM"
777,7,3,2020-12-08 00:00:00,346,20,"8:19:06 AM"
778,7,4,2020-12-08 00:00:00,362,10,"8:20:04 AM"
779,23,2,2020-12-08 00:00:00,356,30,"8:20:22 AM"
780,23,4,2020-12-08 00:00:00,363,10,"8:21:40 AM"
781,21,2,2020-12-08 00:00:00,360,30,"8:41:09 AM"
782,3,2,2020-12-08 00:00:00,359,60,"9:32:46 AM"
783,3,4,2020-12-08 00:00:00,364,10,"9:33:34 AM"
784,21,4,2020-12-08 00:00:00,365,10,"9:35:07 AM"
785,18,5,2020-12-08 00:00:00,321,6,"11:00:48 AM"
786,23,2,2020-12-08 00:00:00,363,20,"11:03:13 AM"
787,23,4,2020-12-08 00:00:00,366,10,"11:11:08 AM"
788,21,2,2020-12-08 00:00:00,365,40,"12:36:32 PM"
789,23,3,2020-12-08 00:00:00,366,10,"12:39:03 PM"
790,7,3,2020-12-08 00:00:00,362,10,"12:54:30 PM"
791,7,2,2020-12-08 00:00:00,346,60,"12:55:02 PM"
792,5,2,2020-12-08 00:00:00,355,70,"1:00:29 PM"
793,4,2,2020-12-08 00:00:00,358,100,"1:20:10 PM"
794,3,2,2020-12-08 00:00:00,364,30,"1:21:17 PM"
795,12,7,2020-12-08 00:00:00,350,20,"1:43:16 PM"
796,18,4,2020-12-08 00:00:00,367,10,"1:50:21 PM"
797,2,7,2020-12-08 00:00:00,361,40,"2:01:24 PM"
798,25,4,2020-12-08 00:00:00,368,10,"2:02:51 PM"
799,20,7,2020-12-08 00:00:00,361,40,"2:03:22 PM"
800,19,7,2020-12-08 00:00:00,366,0,"2:50:37 PM"
801,20,2,2020-12-08 00:00:00,361,50,"3:05:21 PM"
802,20,4,2020-12-08 00:00:00,369,10,"3:48:54 PM"
803,25,2,2020-12-08 00:00:00,368,10,"3:55:08 PM"
804,25,4,2020-12-08 00:00:00,370,10,"4:34:20 PM"
805,19,2,2020-12-08 00:00:00,366,30,"7:11:16 PM"
806,19,4,2020-12-08 00:00:00,371,10,"7:12:27 PM"
807,12,2,2020-12-08 00:00:00,350,60,"7:31:28 PM"
808,25,2,2020-12-08 00:00:00,370,10,"9:22:25 PM"
809,20,7,2020-12-08 00:00:00,369,10,"9:57:52 PM"
810,19,2,2020-12-08 00:00:00,371,20,"10:44:24 PM"
811,18,2,2020-12-08 00:00:00,367,60,"10:45:46 PM"
812,21,4,2020-12-09 00:00:00,372,10,"4:00:17 AM"
813,5,4,2020-12-09 00:00:00,373,10,"4:12:30 AM"
814,23,4,2020-12-09 00:00:00,374,10,"4:56:02 AM"
815,2,4,2020-12-09 00:00:00,375,10,"4:58:13 AM"
816,4,7,2020-12-09 00:00:00,340,10,"5:08:39 AM"
817,4,5,2020-12-09 00:00:00,340,10,"5:11:51 AM"
818,4,7,2020-12-09 00:00:00,369,10,"5:13:07 AM"
819,7,4,2020-12-09 00:00:00,376,10,"5:16:01 AM"
820,2,4,2020-12-09 00:00:00,377,10,"6:01:51 AM"
821,21,2,2020-12-09 00:00:00,372,30,"6:26:14 AM"
822,21,4,2020-12-09 00:00:00,378,10,"6:38:41 AM"
823,21,2,2020-12-09 00:00:00,378,10,"7:44:36 AM"
824,23,3,2020-12-09 00:00:00,374,30,"7:48:18 AM"
825,21,4,2020-12-09 00:00:00,379,10,"7:57:36 AM"
826,23,4,2020-12-09 00:00:00,380,10,"7:58:57 AM"
827,4,2,2020-12-09 00:00:00,369,20,"8:30:41 AM"
828,4,4,2020-12-09 00:00:00,381,10,"9:07:17 AM"
829,2,2,2020-12-09 00:00:00,375,40,"10:11:05 AM"
830,5,2,2020-12-09 00:00:00,373,30,"10:16:37 AM"
831,5,4,2020-12-09 00:00:00,382,10,"10:25:14 AM"
832,21,2,2020-12-09 00:00:00,379,40,"10:35:42 AM"
833,7,5,2020-12-09 00:00:00,362,10,"10:41:56 AM"
834,23,3,2020-12-09 00:00:00,380,30,"10:53:22 AM"
835,23,7,2020-12-09 00:00:00,374,30,"11:11:37 AM"
836,21,4,2020-12-09 00:00:00,383,10,"12:34:31 PM"
837,21,2,2020-12-09 00:00:00,383,10,"12:34:46 PM"
838,23,2,2020-12-09 00:00:00,374,30,"12:59:38 PM"
839,7,2,2020-12-09 00:00:00,376,60,"1:02:56 PM"
840,2,2,2020-12-09 00:00:00,377,50,"1:03:11 PM"
841,5,3,2020-12-09 00:00:00,382,20,"1:23:25 PM"
842,4,3,2020-12-09 00:00:00,381,20,"1:31:27 PM"
843,14,4,2020-12-09 00:00:00,384,10,"1:41:58 PM"
844,18,4,2020-12-09 00:00:00,385,10,"1:43:26 PM"
845,19,4,2020-12-09 00:00:00,386,10,"1:44:54 PM"
846,20,7,2020-12-09 00:00:00,382,20,"1:46:07 PM"
847,12,7,2020-12-09 00:00:00,381,20,"1:51:41 PM"
848,7,4,2020-12-09 00:00:00,387,10,"2:09:06 PM"
849,7,2,2020-12-09 00:00:00,387,60,"2:09:18 PM"
850,25,4,2020-12-09 00:00:00,388,10,"2:27:01 PM"
851,20,3,2020-12-09 00:00:00,382,30,"3:40:47 PM"
852,20,4,2020-12-09 00:00:00,389,10,"3:52:20 PM"
853,11,5,2020-12-09 00:00:00,382,30,"4:06:20 PM"
854,20,2,2020-12-09 00:00:00,389,10,"4:17:17 PM"
855,20,4,2020-12-09 00:00:00,390,10,"4:20:09 PM"
856,14,2,2020-12-09 00:00:00,384,30,"4:45:58 PM"
857,14,7,2020-12-09 00:00:00,380,30,"4:50:29 PM"
858,14,2,2020-12-09 00:00:00,380,40,"5:28:29 PM"
859,14,4,2020-12-09 00:00:00,391,10,"7:34:42 PM"
860,18,4,2020-12-09 00:00:00,392,10,"8:03:49 PM"
861,12,2,2020-12-09 00:00:00,381,30,"8:47:15 PM"
862,14,2,2020-12-09 00:00:00,391,20,"9:00:20 PM"
863,20,2,2020-12-09 00:00:00,390,40,"9:11:15 PM"
864,19,2,2020-12-09 00:00:00,386,50,"9:19:02 PM"
865,25,2,2020-12-09 00:00:00,388,10,"9:53:41 PM"
866,18,2,2020-12-09 00:00:00,392,30,"10:18:04 PM"
867,18,2,2020-12-09 00:00:00,385,40,"10:34:35 PM"
868,21,4,2020-12-10 00:00:00,393,10,"4:03:35 AM"
869,5,4,2020-12-10 00:00:00,394,10,"4:16:14 AM"
870,23,4,2020-12-10 00:00:00,395,10,"4:57:36 AM"
871,2,4,2020-12-10 00:00:00,396,10,"4:58:53 AM"
872,3,4,2020-12-10 00:00:00,397,10,"5:03:38 AM"
873,4,4,2020-12-10 00:00:00,398,10,"5:07:57 AM"
874,7,7,2020-12-10 00:00:00,376,60,"5:16:03 AM"
875,7,4,2020-12-10 00:00:00,399,10,"5:17:21 AM"
876,2,4,2020-12-10 00:00:00,400,10,"6:03:33 AM"
877,21,4,2020-12-10 00:00:00,401,10,"6:52:10 AM"
878,23,2,2020-12-10 00:00:00,395,20,"7:19:55 AM"
879,23,4,2020-12-10 00:00:00,402,10,"7:47:30 AM"
880,21,2,2020-12-10 00:00:00,393,50,"8:11:06 AM"
881,3,2,2020-12-10 00:00:00,397,50,"8:15:34 AM"
882,3,4,2020-12-10 00:00:00,403,10,"8:16:20 AM"
883,2,2,2020-12-10 00:00:00,400,40,"9:43:46 AM"
884,21,2,2020-12-10 00:00:00,401,30,"10:02:40 AM"
885,23,2,2020-12-10 00:00:00,402,10,"10:38:31 AM"
886,23,4,2020-12-10 00:00:00,404,10,"12:01:16 PM"
887,2,2,2020-12-10 00:00:00,396,50,"12:15:48 PM"
888,21,4,2020-12-10 00:00:00,405,10,"12:18:42 PM"
889,21,1,2020-12-10 00:00:00,405,10,"12:19:01 PM"
890,21,2,2020-12-10 00:00:00,405,10,"12:19:15 PM"
891,5,2,2020-12-10 00:00:00,394,80,"12:24:10 PM"
892,3,2,2020-12-10 00:00:00,403,50,"12:27:43 PM"
893,4,2,2020-12-10 00:00:00,398,120,"12:55:02 PM"
894,23,3,2020-12-10 00:00:00,404,30,"1:03:55 PM"
895,7,3,2020-12-10 00:00:00,376,60,"1:30:10 PM"
896,7,3,2020-12-10 00:00:00,399,10,"1:31:06 PM"
897,19,4,2020-12-10 00:00:00,406,10,"1:38:53 PM"
898,18,4,2020-12-10 00:00:00,407,10,"1:41:32 PM"
899,20,4,2020-12-10 00:00:00,408,10,"2:00:15 PM"
900,7,7,2020-12-10 00:00:00,376,60,"2:05:47 PM"
901,25,7,2020-12-10 00:00:00,404,30,"2:41:48 PM"
902,25,2,2020-12-10 00:00:00,404,30,"2:42:03 PM"
903,25,4,2020-12-10 00:00:00,409,10,"2:58:39 PM"
904,20,4,2020-12-10 00:00:00,410,10,"3:41:40 PM"
905,18,2,2020-12-10 00:00:00,407,70,"8:09:38 PM"
906,12,7,2020-12-10 00:00:00,376,60,"8:44:23 PM"
907,12,7,2020-12-10 00:00:00,399,60,"8:45:20 PM"
908,25,2,2020-12-10 00:00:00,409,10,"8:53:47 PM"
909,20,2,2020-12-10 00:00:00,408,50,"9:16:40 PM"
910,20,7,2020-12-10 00:00:00,410,30,"9:29:50 PM"
911,19,2,2020-12-10 00:00:00,406,30,"10:00:48 PM"
912,12,2,2020-12-10 00:00:00,376,60,"10:13:48 PM"
913,12,7,2020-12-10 00:00:00,399,60,"10:14:14 PM"
914,12,2,2020-12-10 00:00:00,399,60,"10:14:22 PM"
915,21,4,2020-12-11 00:00:00,411,10,"4:09:44 AM"
916,5,4,2020-12-11 00:00:00,412,10,"4:12:26 AM"
917,23,4,2020-12-11 00:00:00,413,10,"4:55:23 AM"
918,2,4,2020-12-11 00:00:00,414,10,"4:56:33 AM"
919,23,4,2020-12-11 00:00:00,415,10,"5:00:56 AM"
920,3,4,2020-12-11 00:00:00,416,10,"5:03:18 AM"
921,4,4,2020-12-11 00:00:00,417,10,"5:07:15 AM"
922,2,4,2020-12-11 00:00:00,418,10,"5:54:34 AM"
923,7,4,2020-12-11 00:00:00,419,10,"6:29:41 AM"
924,7,4,2020-12-11 00:00:00,420,10,"6:30:37 AM"
925,21,2,2020-12-11 00:00:00,411,40,"6:30:52 AM"
926,21,4,2020-12-11 00:00:00,421,10,"6:33:22 AM"
927,23,2,2020-12-11 00:00:00,415,40,"8:37:51 AM"
928,4,2,2020-12-11 00:00:00,417,40,"9:20:11 AM"
929,21,2,2020-12-11 00:00:00,421,40,"9:25:55 AM"
930,21,4,2020-12-11 00:00:00,422,10,"9:45:37 AM"
931,4,7,2020-12-11 00:00:00,410,30,"10:00:30 AM"
932,23,2,2020-12-11 00:00:00,413,20,"11:15:45 AM"
933,21,3,2020-12-11 00:00:00,422,20,"11:18:55 AM"
934,7,2,2020-12-11 00:00:00,420,60,"11:46:06 AM"
935,2,2,2020-12-11 00:00:00,414,60,"12:03:14 PM"
936,5,2,2020-12-11 00:00:00,412,70,"12:13:29 PM"
937,2,2,2020-12-11 00:00:00,418,30,"12:36:00 PM"
938,4,2,2020-12-11 00:00:00,410,50,"1:18:09 PM"
939,3,2,2020-12-11 00:00:00,416,60,"1:24:58 PM"
940,12,4,2020-12-11 00:00:00,423,10,"1:39:03 PM"
941,18,4,2020-12-11 00:00:00,424,10,"1:40:04 PM"
942,12,4,2020-12-11 00:00:00,425,10,"1:47:08 PM"
943,19,4,2020-12-11 00:00:00,426,10,"1:49:30 PM"
944,7,3,2020-12-11 00:00:00,419,10,"1:50:06 PM"
945,20,4,2020-12-11 00:00:00,427,10,"1:55:32 PM"
946,25,4,2020-12-11 00:00:00,428,10,"1:56:19 PM"
947,20,2,2020-12-11 00:00:00,427,50,"5:28:46 PM"
948,12,2,2020-12-11 00:00:00,425,30,"5:31:48 PM"
949,20,4,2020-12-11 00:00:00,429,10,"5:46:01 PM"
950,19,4,2020-12-11 00:00:00,430,10,"6:06:31 PM"
951,25,2,2020-12-11 00:00:00,428,10,"6:19:29 PM"
952,25,7,2020-12-11 00:00:00,422,30,"7:22:34 PM"
953,19,4,2020-12-11 00:00:00,431,10,"7:27:48 PM"
954,12,4,2020-12-11 00:00:00,432,10,"8:02:11 PM"
955,12,2,2020-12-11 00:00:00,423,20,"8:19:32 PM"
956,12,3,2020-12-11 00:00:00,432,10,"9:31:29 PM"
957,20,2,2020-12-11 00:00:00,429,30,"9:36:07 PM"
958,19,2,2020-12-11 00:00:00,431,10,"9:59:48 PM"
959,19,2,2020-12-11 00:00:00,426,50,"10:00:01 PM"
960,19,2,2020-12-11 00:00:00,430,10,"10:00:19 PM"
961,25,2,2020-12-11 00:00:00,422,70,"10:49:58 PM"
962,18,2,2020-12-11 00:00:00,424,30,"11:30:56 PM"
963,23,4,2020-12-12 00:00:00,433,10,"4:03:58 AM"
964,5,4,2020-12-12 00:00:00,434,10,"4:24:08 AM"
965,7,7,2020-12-12 00:00:00,419,10,"5:15:24 AM"
966,7,4,2020-12-12 00:00:00,435,10,"5:16:17 AM"
967,7,3,2020-12-12 00:00:00,419,10,"5:39:50 AM"
968,7,3,2020-12-12 00:00:00,435,10,"5:40:15 AM"
969,7,4,2020-12-12 00:00:00,436,10,"5:41:28 AM"
970,5,4,2020-12-12 00:00:00,437,10,"6:07:39 AM"
971,5,2,2020-12-12 00:00:00,437,10,"6:08:01 AM"
972,23,2,2020-12-12 00:00:00,433,20,"6:17:48 AM"
973,23,4,2020-12-12 00:00:00,438,10,"6:28:03 AM"
974,23,2,2020-12-12 00:00:00,438,50,"8:30:36 AM"
975,7,3,2020-12-12 00:00:00,436,10,"8:40:17 AM"
976,5,2,2020-12-12 00:00:00,434,30,"8:47:27 AM"
977,7,5,2020-12-12 00:00:00,435,10,"8:52:59 AM"
978,7,3,2020-12-12 00:00:00,419,10,"8:53:24 AM"
979,7,3,2020-12-12 00:00:00,419,10,"8:53:49 AM"
980,12,2,2020-12-12 00:00:00,432,30,"8:54:10 AM"
981,7,3,2020-12-12 00:00:00,436,10,"8:55:44 AM"
982,19,7,2020-12-12 00:00:00,436,30,"9:12:59 AM"
983,19,4,2020-12-12 00:00:00,439,10,"9:59:48 AM"
984,19,2,2020-12-12 00:00:00,436,40,"10:33:44 AM"
985,25,4,2020-12-12 00:00:00,440,10,"12:37:37 PM"
986,25,2,2020-12-12 00:00:00,440,10,"12:37:46 PM"
987,19,3,2020-12-12 00:00:00,439,20,"1:04:46 PM"
988,25,4,2020-12-14 00:00:00,441,10,"1:47:44 PM"
989,25,3,2020-12-14 00:00:00,441,10,"2:36:27 PM"
990,25,4,2020-12-14 00:00:00,442,10,"2:38:21 PM"
991,20,4,2020-12-14 00:00:00,443,10,"2:42:59 PM"
992,25,2,2020-12-14 00:00:00,442,10,"6:21:49 PM"
993,20,2,2020-12-14 00:00:00,443,60,"7:28:20 PM"
994,20,4,2020-12-14 00:00:00,444,10,"7:38:43 PM"
995,25,4,2020-12-14 00:00:00,445,10,"7:42:11 PM"
996,20,2,2020-12-14 00:00:00,444,30,"10:06:04 PM"
997,5,4,2020-12-15 00:00:00,446,10,"4:11:39 AM"
998,21,4,2020-12-15 00:00:00,447,10,"4:14:14 AM"
999,23,4,2020-12-15 00:00:00,448,10,"4:58:08 AM"
1000,3,4,2020-12-15 00:00:00,449,10,"5:03:40 AM"
1001,4,4,2020-12-15 00:00:00,450,10,"5:09:39 AM"
1002,7,4,2020-12-15 00:00:00,451,10,"5:15:55 AM"
1003,23,2,2020-12-15 00:00:00,448,40,"6:16:52 AM"
1004,23,4,2020-12-15 00:00:00,452,10,"6:30:00 AM"
1005,21,2,2020-12-15 00:00:00,447,40,"6:40:14 AM"
1006,21,4,2020-12-15 00:00:00,453,10,"6:46:32 AM"
1007,23,3,2020-12-15 00:00:00,452,40,"7:44:24 AM"
1008,23,4,2020-12-15 00:00:00,454,10,"8:22:53 AM"
1009,23,5,2020-12-15 00:00:00,454,10,"8:47:20 AM"
1010,23,4,2020-12-15 00:00:00,455,10,"8:48:20 AM"
1011,23,2,2020-12-15 00:00:00,455,30,"12:25:50 PM"
1012,21,2,2020-12-15 00:00:00,453,50,"12:30:43 PM"
1013,23,2,2020-12-15 00:00:00,452,50,"1:00:19 PM"
1014,4,2,2020-12-15 00:00:00,450,100,"1:24:12 PM"
1015,3,2,2020-12-15 00:00:00,449,80,"1:24:56 PM"
1016,7,2,2020-12-15 00:00:00,419,60,"1:38:29 PM"
1017,19,2,2020-12-15 00:00:00,439,30,"1:38:51 PM"
1018,25,2,2020-12-15 00:00:00,441,10,"1:39:07 PM"
1019,5,2,2020-12-15 00:00:00,446,70,"1:39:27 PM"
1020,7,2,2020-12-15 00:00:00,451,20,"1:40:08 PM"
1021,18,4,2020-12-15 00:00:00,456,10,"1:47:19 PM"
1022,19,4,2020-12-15 00:00:00,457,10,"1:49:04 PM"
1023,20,4,2020-12-15 00:00:00,458,10,"2:00:15 PM"
1024,20,4,2020-12-15 00:00:00,459,10,"2:51:53 PM"
1025,20,2,2020-12-15 00:00:00,458,30,"4:51:06 PM"
1026,12,4,2020-12-15 00:00:00,460,10,"5:32:48 PM"
1027,20,2,2020-12-15 00:00:00,459,30,"5:40:53 PM"
1028,20,4,2020-12-15 00:00:00,461,10,"5:49:47 PM"
1029,12,3,2020-12-15 00:00:00,460,20,"8:10:45 PM"
1030,20,2,2020-12-15 00:00:00,461,20,"8:49:00 PM"
1031,19,2,2020-12-15 00:00:00,457,40,"9:51:10 PM"
1032,25,2,2020-12-15 00:00:00,445,10,"10:46:31 PM"
1033,25,4,2020-12-15 00:00:00,462,10,"10:47:23 PM"
1034,25,3,2020-12-15 00:00:00,462,40,"10:47:45 PM"
1035,18,2,2020-12-15 00:00:00,456,50,"11:28:01 PM"
1036,21,4,2020-12-16 00:00:00,463,10,"4:03:35 AM"
1037,5,4,2020-12-16 00:00:00,464,10,"4:09:36 AM"
1038,23,4,2020-12-16 00:00:00,465,10,"4:56:06 AM"
1039,3,4,2020-12-16 00:00:00,466,10,"5:02:33 AM"
1040,4,4,2020-12-16 00:00:00,467,10,"5:08:49 AM"
1041,7,4,2020-12-16 00:00:00,468,10,"5:18:08 AM"
1042,21,2,2020-12-16 00:00:00,463,40,"6:30:18 AM"
1043,21,4,2020-12-16 00:00:00,469,10,"6:55:27 AM"
1044,5,4,2020-12-16 00:00:00,470,10,"8:32:20 AM"
1045,5,2,2020-12-16 00:00:00,470,10,"9:24:25 AM"
1046,23,2,2020-12-16 00:00:00,465,40,"9:33:51 AM"
1047,23,4,2020-12-16 00:00:00,471,10,"10:01:14 AM"
1048,21,4,2020-12-16 00:00:00,472,10,"10:06:28 AM"
1049,21,2,2020-12-16 00:00:00,469,50,"11:27:43 AM"
1050,23,2,2020-12-16 00:00:00,471,30,"12:35:19 PM"
1051,21,2,2020-12-16 00:00:00,472,10,"12:50:45 PM"
1052,3,2,2020-12-16 00:00:00,466,100,"1:28:13 PM"
1053,4,2,2020-12-16 00:00:00,467,30,"1:32:49 PM"
1054,7,2,2020-12-16 00:00:00,468,20,"1:43:27 PM"
1055,25,7,2020-12-16 00:00:00,462,50,"1:51:40 PM"
1056,18,4,2020-12-16 00:00:00,473,10,"1:53:47 PM"
1057,19,4,2020-12-16 00:00:00,474,10,"1:56:56 PM"
1058,20,4,2020-12-16 00:00:00,475,10,"1:58:41 PM"
1059,12,4,2020-12-16 00:00:00,476,10,"2:00:58 PM"
1060,20,4,2020-12-16 00:00:00,477,10,"3:36:38 PM"
1061,25,2,2020-12-16 00:00:00,462,40,"3:40:02 PM"
1062,20,2,2020-12-16 00:00:00,477,20,"3:57:57 PM"
1063,12,2,2020-12-16 00:00:00,476,20,"4:12:35 PM"
1064,12,4,2020-12-16 00:00:00,478,10,"4:50:01 PM"
1065,25,4,2020-12-16 00:00:00,479,10,"5:02:13 PM"
1066,12,2,2020-12-16 00:00:00,478,20,"5:56:17 PM"
1067,25,2,2020-12-16 00:00:00,479,10,"6:06:19 PM"
1068,20,2,2020-12-16 00:00:00,475,50,"6:15:04 PM"
1069,20,4,2020-12-16 00:00:00,480,10,"6:38:28 PM"
1070,19,2,2020-12-16 00:00:00,474,50,"8:38:11 PM"
1071,20,2,2020-12-16 00:00:00,480,20,"8:48:12 PM"
1072,18,2,2020-12-16 00:00:00,473,60,"9:03:05 PM"
1073,5,2,2020-12-16 00:00:00,464,50,"9:07:54 PM"
1074,12,4,2020-12-17 00:00:00,481,10,"1:30:10 PM"
1075,18,4,2020-12-17 00:00:00,482,10,"1:31:55 PM"
1076,19,4,2020-12-17 00:00:00,483,10,"1:33:44 PM"
1077,20,4,2020-12-17 00:00:00,484,10,"1:49:24 PM"
1078,25,4,2020-12-17 00:00:00,485,10,"2:08:17 PM"
1079,25,4,2020-12-17 00:00:00,486,10,"4:47:48 PM"
1080,25,2,2020-12-17 00:00:00,485,10,"5:12:48 PM"
1081,19,4,2020-12-17 00:00:00,487,10,"5:53:10 PM"
1082,20,2,2020-12-17 00:00:00,484,40,"5:57:28 PM"
1083,20,4,2020-12-17 00:00:00,488,10,"6:20:53 PM"
1084,18,4,2020-12-17 00:00:00,489,10,"6:22:04 PM"
1085,25,2,2020-12-17 00:00:00,486,10,"9:28:05 PM"
1086,20,2,2020-12-17 00:00:00,488,60,"9:44:28 PM"
1087,18,2,2020-12-17 00:00:00,482,70,"10:44:35 PM"
1088,18,2,2020-12-17 00:00:00,489,40,"10:44:47 PM"
1089,19,1,2020-12-17 00:00:00,487,10,"10:57:59 PM"
1090,19,3,2020-12-17 00:00:00,487,30,"10:58:15 PM"
1091,19,2,2020-12-17 00:00:00,483,20,"10:58:25 PM"
1092,12,2,2020-12-17 00:00:00,481,30,"11:15:06 PM"
1093,5,4,2020-12-18 00:00:00,490,10,"4:05:43 AM"
1094,21,4,2020-12-18 00:00:00,491,10,"4:07:19 AM"
1095,21,4,2020-12-18 00:00:00,492,10,"4:08:53 AM"
1096,23,4,2020-12-18 00:00:00,493,10,"4:55:33 AM"
1097,4,4,2020-12-18 00:00:00,494,10,"5:03:24 AM"
1098,5,4,2020-12-18 00:00:00,495,10,"5:07:01 AM"
1099,3,4,2020-12-18 00:00:00,496,10,"5:13:07 AM"
1100,4,4,2020-12-18 00:00:00,497,10,"5:41:17 AM"
1101,21,2,2020-12-18 00:00:00,491,40,"5:57:38 AM"
1102,7,4,2020-12-18 00:00:00,498,10,"6:16:58 AM"
1103,23,2,2020-12-18 00:00:00,493,20,"6:45:00 AM"
1104,23,4,2020-12-18 00:00:00,499,10,"6:53:52 AM"
1106,5,4,2020-12-18 00:00:00,500,10,"8:21:00 AM"
1107,21,2,2020-12-18 00:00:00,492,30,"8:45:41 AM"
1108,21,4,2020-12-18 00:00:00,501,10,"8:48:25 AM"
1109,4,2,2020-12-18 00:00:00,494,40,"9:31:02 AM"
1110,23,2,2020-12-18 00:00:00,499,30,"10:12:35 AM"
1111,23,4,2020-12-18 00:00:00,502,10,"10:17:36 AM"
1112,5,2,2020-12-18 00:00:00,500,30,"11:14:27 AM"
1113,5,2,2020-12-18 00:00:00,495,20,"11:14:53 AM"
1114,7,4,2020-12-18 00:00:00,503,10,"12:24:35 PM"
1115,21,2,2020-12-18 00:00:00,501,40,"12:59:55 PM"
1116,5,2,2020-12-18 00:00:00,490,90,"1:00:30 PM"
1117,4,2,2020-12-18 00:00:00,497,30,"1:02:45 PM"
1118,23,2,2020-12-18 00:00:00,502,40,"1:17:05 PM"
1119,3,2,2020-12-18 00:00:00,496,70,"1:30:18 PM"
1120,19,4,2020-12-18 00:00:00,504,10,"1:45:10 PM"
1121,18,4,2020-12-18 00:00:00,505,10,"1:46:00 PM"
1122,20,4,2020-12-18 00:00:00,506,10,"1:48:53 PM"
1123,12,4,2020-12-18 00:00:00,507,10,"2:04:25 PM"
1124,7,2,2020-12-18 00:00:00,503,50,"2:21:19 PM"
1125,7,3,2020-12-18 00:00:00,498,10,"2:21:41 PM"
1126,24,4,2020-12-18 00:00:00,508,10,"2:42:24 PM"
1127,25,4,2020-12-18 00:00:00,509,10,"3:40:19 PM"
1128,25,3,2020-12-18 00:00:00,509,10,"3:40:33 PM"
1129,25,4,2020-12-18 00:00:00,510,10,"3:43:13 PM"
1130,24,2,2020-12-18 00:00:00,508,40,"3:56:55 PM"
1131,24,4,2020-12-18 00:00:00,511,10,"4:56:14 PM"
1132,25,3,2020-12-18 00:00:00,510,20,"5:02:15 PM"
1133,25,3,2020-12-18 00:00:00,509,10,"5:04:38 PM"
1134,20,2,2020-12-18 00:00:00,506,50,"6:38:24 PM"
1135,19,1,2020-12-18 00:00:00,504,10,"6:39:35 PM"
1136,20,4,2020-12-18 00:00:00,512,10,"6:40:48 PM"
1137,12,2,2020-12-18 00:00:00,507,40,"8:13:17 PM"
1138,25,2,2020-12-18 00:00:00,498,70,"9:15:57 PM"
1139,24,2,2020-12-18 00:00:00,511,10,"9:16:32 PM"
1140,19,2,2020-12-18 00:00:00,504,50,"9:20:05 PM"
1141,20,2,2020-12-18 00:00:00,512,30,"9:24:02 PM"
1142,18,2,2020-12-18 00:00:00,505,50,"9:55:18 PM"
1143,23,4,2020-12-19 00:00:00,513,10,"4:02:56 AM"
1144,21,4,2020-12-19 00:00:00,514,10,"4:12:08 AM"
1145,1,4,2020-12-19 00:00:00,515,10,"5:08:18 AM"
1146,7,4,2020-12-19 00:00:00,516,10,"5:19:58 AM"
1147,23,2,2020-12-19 00:00:00,513,30,"7:22:58 AM"
1148,23,4,2020-12-19 00:00:00,517,10,"7:35:22 AM"
1149,12,2,2020-12-19 00:00:00,460,30,"8:09:59 AM"
1150,21,2,2020-12-19 00:00:00,514,40,"8:43:02 AM"
1151,19,2,2020-12-19 00:00:00,487,50,"8:45:35 AM"
1152,25,5,2020-12-19 00:00:00,509,10,"8:46:07 AM"
1153,25,3,2020-12-19 00:00:00,510,20,"8:46:50 AM"
1154,25,3,2020-12-19 00:00:00,510,20,"8:47:13 AM"
1155,23,2,2020-12-19 00:00:00,517,20,"8:50:26 AM"
1156,7,2,2020-12-19 00:00:00,516,30,"9:14:09 AM"
1157,1,2,2020-12-19 00:00:00,515,30,"10:17:01 AM"
1158,1,4,2020-12-19 00:00:00,518,10,"10:31:27 AM"
1159,21,7,2020-12-19 00:00:00,510,20,"10:54:11 AM"
1160,21,2,2020-12-19 00:00:00,510,10,"11:14:00 AM"
1161,7,4,2020-12-19 00:00:00,519,10,"11:27:06 AM"
1162,7,3,2020-12-19 00:00:00,519,10,"11:27:44 AM"
1163,1,3,2020-12-19 00:00:00,518,10,"12:45:44 PM"
1164,1,3,2020-12-19 00:00:00,518,10,"12:46:12 PM"
1165,26,3,2020-12-19 00:00:00,518,10,"12:48:08 PM"
1166,21,4,2020-12-21 00:00:00,520,10,"3:59:35 AM"
1167,21,4,2020-12-21 00:00:00,521,10,"4:01:14 AM"
1168,5,4,2020-12-21 00:00:00,522,10,"4:08:07 AM"
1169,5,4,2020-12-21 00:00:00,523,10,"4:09:26 AM"
1170,26,7,2020-12-21 00:00:00,518,10,"5:04:19 AM"
1171,7,4,2020-12-21 00:00:00,524,10,"5:14:52 AM"
1172,7,4,2020-12-21 00:00:00,525,10,"5:16:08 AM"
1173,3,4,2020-12-21 00:00:00,526,10,"5:39:13 AM"
1174,21,2,2020-12-21 00:00:00,520,40,"6:26:43 AM"
1175,26,2,2020-12-21 00:00:00,518,20,"8:05:06 AM"
1176,5,2,2020-12-21 00:00:00,522,100,"9:11:43 AM"
1177,21,2,2020-12-21 00:00:00,521,40,"9:42:40 AM"
1178,21,4,2020-12-21 00:00:00,527,10,"10:22:46 AM"
1179,11,5,2020-12-21 00:00:00,527,10,"10:38:31 AM"
1180,7,5,2020-12-21 00:00:00,524,10,"10:39:35 AM"
1181,21,4,2020-12-21 00:00:00,528,10,"10:41:36 AM"
1182,5,4,2020-12-21 00:00:00,529,10,"10:42:43 AM"
1183,5,2,2020-12-21 00:00:00,523,40,"10:43:00 AM"
1184,5,5,2020-12-21 00:00:00,529,10,"10:56:17 AM"
1185,21,2,2020-12-21 00:00:00,528,50,"1:11:10 PM"
1186,7,2,2020-12-21 00:00:00,519,30,"1:17:07 PM"
1187,7,3,2020-12-21 00:00:00,525,10,"1:17:36 PM"
1188,3,2,2020-12-21 00:00:00,526,20,"1:28:29 PM"
1189,18,4,2020-12-21 00:00:00,530,10,"1:39:45 PM"
1190,19,7,2020-12-21 00:00:00,525,20,"1:44:00 PM"
1191,19,4,2020-12-21 00:00:00,531,10,"1:45:02 PM"
1192,12,4,2020-12-21 00:00:00,532,10,"1:50:25 PM"
1193,25,4,2020-12-21 00:00:00,533,10,"1:58:21 PM"
1194,12,3,2020-12-21 00:00:00,532,10,"3:37:07 PM"
1195,25,3,2020-12-21 00:00:00,533,30,"6:03:25 PM"
1196,12,4,2020-12-21 00:00:00,534,10,"6:38:56 PM"
1197,25,4,2020-12-21 00:00:00,535,10,"6:50:30 PM"
1198,12,2,2020-12-21 00:00:00,534,20,"8:22:07 PM"
1199,25,3,2020-12-21 00:00:00,535,20,"9:11:29 PM"
1200,19,3,2020-12-21 00:00:00,525,20,"9:12:02 PM"
1201,19,2,2020-12-21 00:00:00,531,50,"9:12:14 PM"
1202,12,7,2020-12-21 00:00:00,525,20,"9:12:31 PM"
1203,12,2,2020-12-21 00:00:00,525,30,"9:17:43 PM"
1204,18,2,2020-12-21 00:00:00,530,50,"9:54:27 PM"
1205,21,4,2020-12-22 00:00:00,536,10,"3:59:48 AM"
1206,5,4,2020-12-22 00:00:00,537,10,"4:16:18 AM"
1207,3,4,2020-12-22 00:00:00,538,10,"5:04:10 AM"
1208,7,4,2020-12-22 00:00:00,539,10,"5:05:12 AM"
1209,26,4,2020-12-22 00:00:00,540,10,"5:07:10 AM"
1210,26,3,2020-12-22 00:00:00,540,10,"8:03:40 AM"
1211,26,3,2020-12-22 00:00:00,540,20,"8:04:17 AM"
1212,21,3,2020-12-22 00:00:00,536,20,"8:12:08 AM"
1213,26,7,2020-12-22 00:00:00,535,20,"8:15:10 AM"
1214,21,4,2020-12-22 00:00:00,541,10,"9:26:40 AM"
1215,7,4,2020-12-22 00:00:00,542,10,"9:42:34 AM"
1216,21,2,2020-12-22 00:00:00,541,20,"11:01:31 AM"
1217,21,4,2020-12-22 00:00:00,543,10,"11:21:45 AM"
1218,26,2,2020-12-22 00:00:00,535,10,"11:27:40 AM"
1219,26,4,2020-12-22 00:00:00,544,10,"11:31:25 AM"
1220,7,2,2020-12-22 00:00:00,542,20,"12:52:03 PM"
1221,5,2,2020-12-22 00:00:00,537,130,"1:04:14 PM"
1222,3,2,2020-12-22 00:00:00,538,60,"1:23:45 PM"
1223,21,3,2020-12-22 00:00:00,543,10,"1:30:06 PM"
1224,21,4,2020-12-22 00:00:00,545,10,"1:30:53 PM"
1225,21,3,2020-12-22 00:00:00,545,10,"1:31:33 PM"
1226,19,4,2020-12-22 00:00:00,546,10,"1:40:37 PM"
1227,21,7,2020-12-22 00:00:00,536,30,"1:41:28 PM"
1228,12,4,2020-12-22 00:00:00,547,10,"1:49:32 PM"
1229,14,4,2020-12-22 00:00:00,548,10,"1:55:49 PM"
1230,25,7,2020-12-22 00:00:00,545,10,"1:58:13 PM"
1231,20,4,2020-12-22 00:00:00,549,10,"2:03:17 PM"
1232,25,2,2020-12-22 00:00:00,545,10,"2:24:39 PM"
1233,25,4,2020-12-22 00:00:00,550,10,"2:39:27 PM"
1234,12,4,2020-12-22 00:00:00,551,10,"3:29:23 PM"
1235,20,4,2020-12-22 00:00:00,552,10,"3:48:29 PM"
1236,25,7,2020-12-22 00:00:00,543,10,"3:56:30 PM"
1237,14,2,2020-12-22 00:00:00,548,30,"4:03:45 PM"
1238,25,2,2020-12-22 00:00:00,543,10,"4:15:34 PM"
1239,20,2,2020-12-22 00:00:00,549,20,"4:39:44 PM"
1240,18,2,2020-12-22 00:00:00,536,60,"5:08:27 PM"
1241,18,1,2020-12-22 00:00:00,539,10,"5:08:48 PM"
1242,18,7,2020-12-22 00:00:00,539,30,"5:09:16 PM"
1243,19,2,2020-12-22 00:00:00,546,30,"5:30:01 PM"
1244,19,4,2020-12-22 00:00:00,553,10,"5:32:29 PM"
1245,18,2,2020-12-22 00:00:00,539,50,"6:20:43 PM"
1246,12,2,2020-12-22 00:00:00,551,20,"6:57:19 PM"
1247,18,4,2020-12-22 00:00:00,554,10,"7:07:50 PM"
1248,26,7,2020-12-22 00:00:00,540,20,"7:20:20 PM"
1249,14,2,2020-12-22 00:00:00,540,30,"7:20:44 PM"
1250,14,4,2020-12-22 00:00:00,555,10,"7:21:46 PM"
1251,14,2,2020-12-22 00:00:00,555,30,"7:22:09 PM"
1252,14,4,2020-12-22 00:00:00,556,10,"7:33:14 PM"
1253,25,2,2020-12-22 00:00:00,550,10,"7:48:30 PM"
1254,18,2,2020-12-22 00:00:00,554,20,"7:59:22 PM"
1255,12,2,2020-12-22 00:00:00,547,70,"8:24:11 PM"
1256,18,4,2020-12-22 00:00:00,557,10,"8:33:11 PM"
1257,25,7,2020-12-22 00:00:00,533,30,"8:34:23 PM"
1258,14,3,2020-12-22 00:00:00,556,20,"8:40:19 PM"
1259,18,3,2020-12-22 00:00:00,557,0,"8:50:56 PM"
1260,20,2,2020-12-22 00:00:00,552,50,"9:29:20 PM"
1261,25,2,2020-12-22 00:00:00,533,10,"9:56:51 PM"
1262,19,2,2020-12-22 00:00:00,553,50,"9:57:48 PM"
1263,21,4,2020-12-23 00:00:00,558,10,"4:11:56 AM"
1264,5,4,2020-12-23 00:00:00,559,10,"4:12:58 AM"
1265,5,4,2020-12-23 00:00:00,560,10,"4:14:02 AM"
1266,3,4,2020-12-23 00:00:00,561,10,"5:03:39 AM"
1267,26,4,2020-12-23 00:00:00,562,10,"5:07:15 AM"
1268,7,4,2020-12-23 00:00:00,563,10,"5:09:50 AM"
1269,7,4,2020-12-23 00:00:00,564,10,"5:10:45 AM"
1270,21,4,2020-12-23 00:00:00,565,10,"6:19:13 AM"
1271,21,2,2020-12-23 00:00:00,565,30,"8:46:26 AM"
1272,5,2,2020-12-23 00:00:00,559,30,"9:10:47 AM"
1273,21,2,2020-12-23 00:00:00,558,50,"9:58:49 AM"
1274,5,4,2020-12-23 00:00:00,566,10,"10:04:50 AM"
1275,21,4,2020-12-23 00:00:00,567,10,"10:09:43 AM"
1276,26,2,2020-12-23 00:00:00,544,30,"10:40:40 AM"
1277,3,2,2020-12-23 00:00:00,561,40,"10:42:25 AM"
1278,3,4,2020-12-23 00:00:00,568,10,"10:43:41 AM"
1279,3,2,2020-12-23 00:00:00,568,30,"10:53:33 AM"
1280,3,4,2020-12-23 00:00:00,569,10,"10:56:49 AM"
1281,26,2,2020-12-23 00:00:00,562,30,"11:04:44 AM"
1282,26,7,2020-12-23 00:00:00,556,20,"11:06:56 AM"
1283,3,3,2020-12-23 00:00:00,569,10,"11:21:12 AM"
1284,21,2,2020-12-23 00:00:00,567,50,"12:50:48 PM"
1285,7,3,2020-12-23 00:00:00,563,10,"1:26:38 PM"
1286,7,3,2020-12-23 00:00:00,564,10,"1:27:21 PM"
1287,26,2,2020-12-23 00:00:00,556,30,"1:32:37 PM"
1288,14,4,2020-12-23 00:00:00,570,10,"1:46:50 PM"
1289,18,7,2020-12-23 00:00:00,564,20,"1:50:28 PM"
1290,12,4,2020-12-23 00:00:00,571,10,"1:53:23 PM"
1291,25,7,2020-12-23 00:00:00,557,0,"1:54:27 PM"
1292,19,4,2020-12-23 00:00:00,572,10,"1:59:39 PM"
1293,20,4,2020-12-23 00:00:00,573,10,"2:06:16 PM"
1294,25,2,2020-12-23 00:00:00,557,20,"2:24:27 PM"
1295,25,4,2020-12-23 00:00:00,574,10,"2:27:15 PM"
1296,20,4,2020-12-23 00:00:00,575,10,"3:01:30 PM"
1297,14,3,2020-12-23 00:00:00,570,20,"3:13:30 PM"
1298,14,4,2020-12-23 00:00:00,576,10,"3:30:27 PM"
1299,18,3,2020-12-23 00:00:00,564,30,"3:37:14 PM"
1300,19,3,2020-12-23 00:00:00,564,30,"3:37:30 PM"
1301,19,7,2020-12-23 00:00:00,564,30,"3:37:42 PM"
1302,14,2,2020-12-23 00:00:00,576,55,"5:49:59 PM"
1303,25,2,2020-12-23 00:00:00,574,10,"6:19:45 PM"
1304,20,2,2020-12-23 00:00:00,575,30,"6:28:50 PM"
1305,14,7,2020-12-23 00:00:00,563,30,"6:40:15 PM"
1306,25,4,2020-12-23 00:00:00,577,10,"7:01:44 PM"
1307,25,3,2020-12-23 00:00:00,577,10,"7:12:54 PM"
1308,25,4,2020-12-23 00:00:00,578,10,"7:17:22 PM"
1309,14,4,2020-12-23 00:00:00,579,10,"7:48:37 PM"
1310,20,2,2020-12-23 00:00:00,573,60,"8:21:07 PM"
1311,19,2,2020-12-23 00:00:00,564,40,"8:23:18 PM"
1312,12,2,2020-12-23 00:00:00,571,70,"8:25:55 PM"
1313,14,3,2020-12-23 00:00:00,579,10,"9:08:14 PM"
1314,14,2,2020-12-23 00:00:00,563,50,"9:08:29 PM"
1315,19,3,2020-12-23 00:00:00,572,30,"9:16:23 PM"
1316,25,2,2020-12-23 00:00:00,578,10,"9:56:14 PM"
1317,21,4,2020-12-28 00:00:00,580,10,"4:02:01 AM"
1318,5,2,2020-12-28 00:00:00,560,60,"4:05:09 AM"
1319,5,2,2020-12-28 00:00:00,566,30,"4:05:20 AM"
1320,5,4,2020-12-28 00:00:00,581,10,"4:06:56 AM"
1321,21,5,2020-12-28 00:00:00,580,10,"4:09:14 AM"
1322,21,4,2020-12-28 00:00:00,582,10,"4:10:34 AM"
1323,23,4,2020-12-28 00:00:00,583,10,"4:59:52 AM"
1324,3,4,2020-12-28 00:00:00,584,10,"5:02:54 AM"
1325,26,7,2020-12-28 00:00:00,579,10,"5:06:02 AM"
1326,23,2,2020-12-28 00:00:00,583,40,"5:39:00 AM"
1327,23,4,2020-12-28 00:00:00,585,10,"5:49:58 AM"
1328,23,2,2020-12-28 00:00:00,585,20,"6:33:19 AM"
1329,26,2,2020-12-28 00:00:00,579,30,"6:44:04 AM"
1330,23,4,2020-12-28 00:00:00,586,10,"6:46:07 AM"
1331,26,7,2020-12-28 00:00:00,572,20,"6:48:55 AM"
1332,23,2,2020-12-28 00:00:00,586,30,"8:20:21 AM"
1333,23,4,2020-12-28 00:00:00,587,10,"8:21:15 AM"
1334,26,2,2020-12-28 00:00:00,572,30,"9:07:23 AM"
1335,23,2,2020-12-28 00:00:00,587,30,"10:39:14 AM"
1336,23,4,2020-12-28 00:00:00,588,10,"10:47:43 AM"
1337,5,2,2020-12-28 00:00:00,581,110,"12:17:23 PM"
1338,21,5,2020-12-28 00:00:00,582,40,"12:58:35 PM"
1339,23,2,2020-12-28 00:00:00,588,30,"1:13:57 PM"
1340,11,5,2020-12-28 00:00:00,577,10,"1:23:53 PM"
1341,3,2,2020-12-28 00:00:00,584,30,"1:28:25 PM"
1342,19,4,2020-12-28 00:00:00,589,10,"1:44:20 PM"
1343,25,4,2020-12-28 00:00:00,590,10,"1:47:45 PM"
1344,14,4,2020-12-28 00:00:00,591,10,"1:50:12 PM"
1345,20,4,2020-12-28 00:00:00,592,10,"1:53:34 PM"
1346,18,4,2020-12-28 00:00:00,593,10,"1:54:21 PM"
1347,18,4,2020-12-28 00:00:00,594,10,"1:55:02 PM"
1348,14,7,2020-12-28 00:00:00,575,30,"3:20:05 PM"
1349,14,2,2020-12-28 00:00:00,575,30,"3:20:20 PM"
1350,14,4,2020-12-28 00:00:00,595,10,"4:32:21 PM"
1351,18,3,2020-12-28 00:00:00,593,10,"4:49:43 PM"
1352,18,3,2020-12-28 00:00:00,594,10,"4:50:18 PM"
1353,18,4,2020-12-28 00:00:00,596,10,"4:52:36 PM"
1354,18,4,2020-12-28 00:00:00,597,10,"4:53:30 PM"
1355,14,2,2020-12-28 00:00:00,591,60,"7:30:25 PM"
1356,14,2,2020-12-28 00:00:00,595,30,"7:30:40 PM"
1357,14,4,2020-12-28 00:00:00,598,10,"7:50:57 PM"
1358,19,2,2020-12-28 00:00:00,589,40,"7:52:31 PM"
1359,25,2,2020-12-28 00:00:00,590,10,"7:53:59 PM"
1360,25,4,2020-12-28 00:00:00,599,10,"8:09:08 PM"
1361,20,2,2020-12-28 00:00:00,592,110,"9:56:49 PM"
1362,19,4,2020-12-28 00:00:00,600,10,"10:18:43 PM"
1363,18,3,2020-12-28 00:00:00,596,10,"10:26:51 PM"
1364,18,3,2020-12-28 00:00:00,597,10,"10:27:16 PM"
1365,19,1,2020-12-28 00:00:00,600,10,"10:28:50 PM"
1366,19,1,2020-12-28 00:00:00,600,10,"10:59:34 PM"
1367,14,3,2020-12-28 00:00:00,598,30,"11:11:04 PM"
1368,25,3,2020-12-28 00:00:00,599,20,"11:30:15 PM"
1369,5,4,2020-12-29 00:00:00,601,10,"4:06:47 AM"
1370,21,7,2020-12-29 00:00:00,600,20,"4:14:20 AM"
1371,21,7,2020-12-29 00:00:00,599,20,"4:23:09 AM"
1372,21,2,2020-12-29 00:00:00,599,10,"4:40:54 AM"
1373,26,7,2020-12-29 00:00:00,593,10,"5:02:45 AM"
1374,3,4,2020-12-29 00:00:00,602,10,"5:03:58 AM"
1375,21,4,2020-12-29 00:00:00,603,10,"6:06:36 AM"
1376,18,7,2020-12-29 00:00:00,596,10,"7:28:28 AM"
1377,18,2,2020-12-29 00:00:00,596,40,"7:29:06 AM"
1378,18,7,2020-12-29 00:00:00,597,10,"7:48:14 AM"
1379,26,2,2020-12-29 00:00:00,593,30,"7:59:54 AM"
1380,26,7,2020-12-29 00:00:00,594,10,"8:16:15 AM"
1381,21,2,2020-12-29 00:00:00,600,60,"10:11:12 AM"
1382,26,2,2020-12-29 00:00:00,594,30,"10:40:05 AM"
1383,12,7,2020-12-29 00:00:00,532,10,"10:41:42 AM"
1384,18,7,2020-12-29 00:00:00,597,10,"10:46:09 AM"
1385,1,7,2020-12-29 00:00:00,597,10,"10:46:33 AM"
1386,1,2,2020-12-29 00:00:00,597,40,"10:46:47 AM"
1387,21,2,2020-12-29 00:00:00,603,30,"12:47:13 PM"
1388,5,2,2020-12-29 00:00:00,601,70,"12:56:36 PM"
1389,26,3,2020-12-29 00:00:00,532,30,"1:26:42 PM"
1390,3,2,2020-12-29 00:00:00,602,90,"1:28:10 PM"
1391,18,4,2020-12-29 00:00:00,604,10,"1:41:15 PM"
1392,19,4,2020-12-29 00:00:00,605,10,"1:42:43 PM"
1393,25,4,2020-12-29 00:00:00,606,10,"1:45:49 PM"
1394,12,7,2020-12-29 00:00:00,532,30,"1:47:06 PM"
1395,14,4,2020-12-29 00:00:00,607,10,"1:53:39 PM"
1396,20,4,2020-12-29 00:00:00,608,10,"1:56:11 PM"
1397,14,2,2020-12-29 00:00:00,607,60,"2:30:44 PM"
1398,20,2,2020-12-29 00:00:00,608,50,"2:51:14 PM"
1399,20,7,2020-12-29 00:00:00,598,30,"3:10:14 PM"
1400,20,3,2020-12-29 00:00:00,598,30,"3:10:50 PM"
1401,14,7,2020-12-29 00:00:00,569,10,"3:27:45 PM"
1402,20,7,2020-12-29 00:00:00,598,30,"4:25:44 PM"
1403,20,2,2020-12-29 00:00:00,598,40,"6:26:00 PM"
1404,20,4,2020-12-29 00:00:00,609,10,"6:37:22 PM"
1405,14,2,2020-12-29 00:00:00,569,40,"8:21:22 PM"
1406,25,3,2020-12-29 00:00:00,606,30,"8:26:34 PM"
1407,14,4,2020-12-29 00:00:00,610,10,"8:31:43 PM"
1408,14,3,2020-12-29 00:00:00,610,20,"10:08:28 PM"
1409,20,2,2020-12-29 00:00:00,609,40,"10:35:58 PM"
1410,12,2,2020-12-29 00:00:00,532,70,"10:53:18 PM"
1411,18,2,2020-12-29 00:00:00,604,120,"10:54:19 PM"
1412,19,2,2020-12-29 00:00:00,605,60,"10:55:36 PM"
1413,21,4,2020-12-30 00:00:00,611,10,"4:08:51 AM"
1414,5,4,2020-12-30 00:00:00,612,10,"4:12:37 AM"
1415,5,4,2020-12-30 00:00:00,613,10,"4:13:42 AM"
1416,21,5,2020-12-30 00:00:00,611,10,"4:22:52 AM"
1417,21,4,2020-12-30 00:00:00,614,10,"4:24:32 AM"
1418,5,5,2020-12-30 00:00:00,613,10,"4:59:45 AM"
1419,26,4,2020-12-30 00:00:00,615,10,"5:04:39 AM"
1420,3,4,2020-12-30 00:00:00,616,10,"5:07:47 AM"
1421,5,4,2020-12-30 00:00:00,617,10,"5:08:38 AM"
1422,5,4,2020-12-30 00:00:00,618,10,"5:09:27 AM"
1423,21,4,2020-12-30 00:00:00,619,10,"5:34:20 AM"
1424,21,2,2020-12-30 00:00:00,619,10,"6:33:05 AM"
1425,21,2,2020-12-30 00:00:00,614,40,"7:49:11 AM"
1426,21,4,2020-12-30 00:00:00,620,10,"7:58:28 AM"
1427,26,2,2020-12-30 00:00:00,615,10,"9:54:46 AM"
1428,1,4,2020-12-30 00:00:00,621,10,"10:29:29 AM"
1429,21,4,2020-12-30 00:00:00,622,10,"10:30:41 AM"
1430,26,7,2020-12-30 00:00:00,610,20,"10:34:39 AM"
1431,21,2,2020-12-30 00:00:00,622,10,"10:59:38 AM"
1432,1,2,2020-12-30 00:00:00,621,20,"11:19:45 AM"
1433,5,2,2020-12-30 00:00:00,612,60,"12:39:17 PM"
1434,5,2,2020-12-30 00:00:00,617,40,"12:39:44 PM"
1435,5,2,2020-12-30 00:00:00,618,40,"12:39:58 PM"
1436,5,4,2020-12-30 00:00:00,623,10,"12:41:13 PM"
1437,21,2,2020-12-30 00:00:00,620,40,"12:46:56 PM"
1438,5,2,2020-12-30 00:00:00,623,10,"12:59:39 PM"
1439,26,2,2020-12-30 00:00:00,610,30,"1:02:54 PM"
1440,3,2,2020-12-30 00:00:00,616,30,"1:21:50 PM"
1441,14,4,2020-12-30 00:00:00,624,10,"1:37:26 PM"
1442,25,4,2020-12-30 00:00:00,625,10,"1:41:44 PM"
1443,19,4,2020-12-30 00:00:00,626,10,"1:43:50 PM"
1444,12,4,2020-12-30 00:00:00,627,10,"1:46:35 PM"
1445,18,4,2020-12-30 00:00:00,628,10,"1:47:27 PM"
1446,20,4,2020-12-30 00:00:00,629,10,"1:55:58 PM"
1447,20,2,2020-12-30 00:00:00,629,50,"6:16:58 PM"
1448,20,4,2020-12-30 00:00:00,630,10,"6:44:10 PM"
1449,25,2,2020-12-30 00:00:00,625,10,"7:46:18 PM"
1450,18,2,2020-12-30 00:00:00,628,40,"8:47:56 PM"
1451,12,3,2020-12-30 00:00:00,627,50,"9:32:47 PM"
1452,20,2,2020-12-30 00:00:00,630,20,"9:36:09 PM"
1453,20,4,2020-12-30 00:00:00,631,10,"9:53:58 PM"
1454,19,1,2020-12-30 00:00:00,626,10,"10:26:45 PM"
1455,19,2,2020-12-30 00:00:00,626,30,"10:27:03 PM"
1456,19,2,2020-12-30 00:00:00,626,30,"10:27:25 PM"
1457,19,2,2020-12-30 00:00:00,626,30,"10:28:13 PM"
1458,19,2,2020-12-30 00:00:00,626,30,"10:28:53 PM"
1459,19,3,2020-12-30 00:00:00,626,30,"10:29:39 PM"
1460,19,3,2020-12-30 00:00:00,626,30,"10:29:53 PM"
1461,19,2,2020-12-30 00:00:00,626,30,"10:36:07 PM"
1462,25,3,2020-12-30 00:00:00,606,30,"10:36:44 PM"
1463,25,3,2020-12-30 00:00:00,606,30,"10:37:01 PM"
1464,25,3,2020-12-30 00:00:00,606,30,"10:37:11 PM"
1465,25,3,2020-12-30 00:00:00,606,30,"10:37:39 PM"
1466,20,3,2020-12-30 00:00:00,631,10,"10:40:42 PM"
1467,14,2,2020-12-30 00:00:00,624,30,"11:23:43 PM"
1468,14,2,2020-12-30 00:00:00,624,30,"11:24:03 PM"
1469,14,2,2020-12-30 00:00:00,624,30,"11:24:18 PM"
1470,14,2,2020-12-30 00:00:00,624,30,"11:24:54 PM"
1471,21,7,2020-12-31 00:00:00,631,10,"4:00:57 AM"
1472,5,4,2020-12-31 00:00:00,632,10,"4:13:20 AM"
1473,5,4,2020-12-31 00:00:00,633,10,"4:59:00 AM"
1474,26,4,2020-12-31 00:00:00,634,10,"5:06:18 AM"
1475,3,4,2020-12-31 00:00:00,635,10,"5:08:36 AM"
1476,21,2,2020-12-31 00:00:00,631,30,"5:23:43 AM"
1477,21,4,2020-12-31 00:00:00,636,10,"5:52:00 AM"
1478,21,2,2020-12-31 00:00:00,636,40,"8:20:12 AM"
1479,21,4,2020-12-31 00:00:00,637,10,"8:30:44 AM"
1480,26,2,2020-12-31 00:00:00,634,40,"9:44:04 AM"
1481,5,2,2020-12-31 00:00:00,632,30,"10:46:55 AM"
1482,21,2,2020-12-31 00:00:00,637,50,"10:51:54 AM"
1483,21,4,2020-12-31 00:00:00,638,10,"11:51:58 AM"
1484,5,2,2020-12-31 00:00:00,633,30,"12:49:15 PM"
1485,21,3,2020-12-31 00:00:00,638,20,"1:08:59 PM"
1486,3,2,2020-12-31 00:00:00,635,30,"1:26:09 PM"
1487,18,7,2020-12-31 00:00:00,627,50,"1:46:47 PM"
1488,20,4,2020-12-31 00:00:00,639,10,"1:55:59 PM"
1489,25,4,2020-12-31 00:00:00,640,10,"1:58:32 PM"
1490,18,4,2020-12-31 00:00:00,641,10,"2:16:51 PM"
1491,20,2,2020-12-31 00:00:00,639,10,"2:27:38 PM"
1492,20,7,2020-12-31 00:00:00,638,20,"2:32:45 PM"
1493,20,2,2020-12-31 00:00:00,638,40,"3:21:53 PM"
1494,20,4,2020-12-31 00:00:00,642,10,"3:35:19 PM"
1495,25,2,2020-12-31 00:00:00,640,10,"5:06:39 PM"
1496,18,2,2020-12-31 00:00:00,641,40,"5:42:50 PM"
1497,18,2,2020-12-31 00:00:00,627,70,"5:43:59 PM"
1498,20,2,2020-12-31 00:00:00,642,20,"5:50:16 PM"
1499,21,4,2021-01-04 00:00:00,643,10,"4:03:26 AM"
1500,5,4,2021-01-04 00:00:00,644,10,"4:14:44 AM"
1501,4,4,2021-01-04 00:00:00,645,10,"5:02:21 AM"
1502,3,4,2021-01-04 00:00:00,646,10,"5:08:36 AM"
1503,26,4,2021-01-04 00:00:00,647,10,"5:11:34 AM"
1504,7,4,2021-01-04 00:00:00,648,10,"5:19:01 AM"
1505,21,4,2021-01-04 00:00:00,649,10,"5:56:09 AM"
1506,21,2,2021-01-04 00:00:00,649,30,"10:18:53 AM"
1507,21,4,2021-01-04 00:00:00,650,10,"10:35:17 AM"
1508,21,3,2021-01-04 00:00:00,650,10,"1:21:40 PM"
1509,26,2,2021-01-04 00:00:00,647,40,"1:23:19 PM"
1510,21,2,2021-01-04 00:00:00,643,40,"1:25:52 PM"
1511,3,2,2021-01-04 00:00:00,646,90,"1:26:13 PM"
1512,4,2,2021-01-04 00:00:00,645,20,"1:29:30 PM"
1513,5,2,2021-01-04 00:00:00,644,70,"1:31:04 PM"
1514,7,2,2021-01-04 00:00:00,648,40,"1:32:50 PM"
1515,18,4,2021-01-04 00:00:00,651,10,"1:41:51 PM"
1516,12,4,2021-01-04 00:00:00,652,10,"1:43:47 PM"
1517,25,7,2021-01-04 00:00:00,650,10,"1:44:53 PM"
1518,20,4,2021-01-04 00:00:00,653,10,"1:48:13 PM"
1519,19,4,2021-01-04 00:00:00,654,10,"2:39:37 PM"
1520,25,2,2021-01-04 00:00:00,650,30,"3:55:07 PM"
1521,25,4,2021-01-04 00:00:00,655,10,"4:39:24 PM"
1522,20,2,2021-01-04 00:00:00,653,50,"5:50:32 PM"
1523,19,3,2021-01-04 00:00:00,654,30,"5:59:46 PM"
1524,20,4,2021-01-04 00:00:00,656,10,"6:06:27 PM"
1525,25,3,2021-01-04 00:00:00,655,10,"6:15:57 PM"
1526,25,4,2021-01-04 00:00:00,657,10,"7:32:31 PM"
1527,19,4,2021-01-04 00:00:00,658,10,"7:48:58 PM"
1528,25,3,2021-01-04 00:00:00,657,5,"8:29:30 PM"
1529,20,2,2021-01-04 00:00:00,656,30,"9:12:37 PM"
1530,25,2,2021-01-04 00:00:00,655,10,"9:26:34 PM"
1531,12,2,2021-01-04 00:00:00,652,60,"9:58:23 PM"
1532,19,3,2021-01-04 00:00:00,658,20,"10:01:43 PM"
1533,18,2,2021-01-04 00:00:00,651,40,"10:39:17 PM"
1534,21,4,2021-01-05 00:00:00,659,10,"4:02:58 AM"
1535,5,4,2021-01-05 00:00:00,660,10,"4:10:38 AM"
1536,5,4,2021-01-05 00:00:00,661,10,"4:12:05 AM"
1537,7,4,2021-01-05 00:00:00,662,10,"4:58:53 AM"
1538,26,4,2021-01-05 00:00:00,663,10,"5:03:12 AM"
1539,3,4,2021-01-05 00:00:00,664,10,"5:04:08 AM"
1540,21,4,2021-01-05 00:00:00,665,10,"5:22:49 AM"
1541,1,7,2021-01-05 00:00:00,658,20,"5:56:38 AM"
1542,1,2,2021-01-05 00:00:00,658,30,"6:56:05 AM"
1543,25,7,2021-01-05 00:00:00,657,5,"6:58:55 AM"
1544,4,7,2021-01-05 00:00:00,654,30,"8:03:31 AM"
1545,4,7,2021-01-05 00:00:00,657,5,"8:04:04 AM"
1546,5,2,2021-01-05 00:00:00,661,30,"8:29:02 AM"
1547,5,4,2021-01-05 00:00:00,666,10,"8:31:11 AM"
1548,4,2,2021-01-05 00:00:00,657,10,"9:04:50 AM"
1549,4,7,2021-01-05 00:00:00,654,30,"9:04:57 AM"
1550,4,2,2021-01-05 00:00:00,654,50,"9:05:08 AM"
1551,4,4,2021-01-05 00:00:00,667,10,"9:07:18 AM"
1552,21,4,2021-01-05 00:00:00,668,10,"9:26:42 AM"
1553,7,2,2021-01-05 00:00:00,662,40,"9:29:23 AM"
1554,21,5,2021-01-05 00:00:00,668,10,"9:35:13 AM"
1555,21,4,2021-01-05 00:00:00,669,10,"9:36:52 AM"
1556,27,1,2021-01-05 00:00:00,669,10,"9:39:02 AM"
1557,3,2,2021-01-05 00:00:00,664,60,"10:43:15 AM"
1558,21,2,2021-01-05 00:00:00,659,60,"10:45:38 AM"
1559,21,2,2021-01-05 00:00:00,665,50,"11:06:05 AM"
1560,26,2,2021-01-05 00:00:00,663,40,"12:07:16 PM"
1561,5,2,2021-01-05 00:00:00,666,50,"12:34:25 PM"
1562,7,4,2021-01-05 00:00:00,670,10,"12:37:04 PM"
1563,27,2,2021-01-05 00:00:00,669,50,"12:50:43 PM"
1564,7,2,2021-01-05 00:00:00,670,20,"1:25:23 PM"
1565,4,3,2021-01-05 00:00:00,667,10,"1:34:26 PM"
1566,5,2,2021-01-05 00:00:00,660,90,"1:34:54 PM"
1567,4,7,2021-01-05 00:00:00,667,10,"1:49:46 PM"
1568,12,4,2021-01-05 00:00:00,671,10,"1:50:59 PM"
1569,25,4,2021-01-05 00:00:00,672,10,"1:54:03 PM"
1570,20,4,2021-01-05 00:00:00,673,10,"2:15:59 PM"
1571,20,2,2021-01-05 00:00:00,673,20,"2:18:52 PM"
1572,20,7,2021-01-05 00:00:00,660,90,"2:48:59 PM"
1573,20,2,2021-01-05 00:00:00,660,90,"4:10:34 PM"
1574,20,4,2021-01-05 00:00:00,674,10,"5:01:45 PM"
1575,12,2,2021-01-05 00:00:00,667,70,"6:01:13 PM"
1576,25,2,2021-01-05 00:00:00,672,10,"7:49:00 PM"
1577,12,2,2021-01-05 00:00:00,671,100,"9:02:07 PM"
1578,20,2,2021-01-05 00:00:00,674,10,"9:02:35 PM"
1579,20,4,2021-01-05 00:00:00,675,10,"9:53:53 PM"
1580,20,2,2021-01-05 00:00:00,675,30,"9:56:16 PM"
1581,21,4,2021-01-06 00:00:00,676,10,"4:00:06 AM"
1582,5,4,2021-01-06 00:00:00,677,10,"4:07:57 AM"
1583,5,4,2021-01-06 00:00:00,678,10,"4:09:53 AM"
1584,26,4,2021-01-06 00:00:00,679,10,"4:58:43 AM"
1585,27,4,2021-01-06 00:00:00,680,10,"5:02:08 AM"
1586,4,4,2021-01-06 00:00:00,681,10,"5:03:16 AM"
1587,3,4,2021-01-06 00:00:00,682,10,"5:04:43 AM"
1588,3,1,2021-01-06 00:00:00,682,10,"5:05:12 AM"
1589,7,4,2021-01-06 00:00:00,683,10,"5:10:15 AM"
1590,5,2,2021-01-06 00:00:00,678,40,"8:25:17 AM"
1591,5,4,2021-01-06 00:00:00,684,10,"8:30:41 AM"
1592,3,3,2021-01-06 00:00:00,682,10,"8:31:51 AM"
1593,3,4,2021-01-06 00:00:00,685,10,"8:32:35 AM"
1594,5,5,2021-01-06 00:00:00,684,10,"8:37:30 AM"
1595,5,4,2021-01-06 00:00:00,686,10,"8:38:18 AM"
1596,7,2,2021-01-06 00:00:00,683,40,"10:04:33 AM"
1597,7,4,2021-01-06 00:00:00,687,10,"10:28:10 AM"
1598,27,2,2021-01-06 00:00:00,680,35,"10:40:42 AM"
1599,27,4,2021-01-06 00:00:00,688,10,"10:50:40 AM"
1600,3,2,2021-01-06 00:00:00,682,40,"11:48:50 AM"
1601,26,2,2021-01-06 00:00:00,679,40,"12:28:10 PM"
1602,4,2,2021-01-06 00:00:00,681,130,"12:34:12 PM"
1603,27,3,2021-01-06 00:00:00,688,20,"12:46:14 PM"
1604,21,3,2021-01-06 00:00:00,676,20,"12:50:43 PM"
1605,3,1,2021-01-06 00:00:00,685,10,"1:11:16 PM"
1606,3,2,2021-01-06 00:00:00,685,30,"1:11:40 PM"
1607,7,3,2021-01-06 00:00:00,687,10,"1:15:22 PM"
