"Job_ID","Job","Work_Order","Job_Weight","Work_Cell","Job_Type","Job_Status","Start_Time","Notes","In-Process_Testing","Pre_Adjustment","End_Time","Total_Operations","Start_Date","End_Date","Last_Operation"
136,X-564-58-4,"696366",12,4,1,2,1899-12-30 09:19:08,"",false,true,1899-12-30 13:31:07,60,2020-11-19 00:00:00,2020-11-19 00:00:00,60
137,X-458-24-B,"696916",18,2,1,2,1899-12-30 09:21:23,"",false,false,1899-12-30 13:31:22,40,2020-11-19 00:00:00,2020-11-19 00:00:00,40
138,X-725-83-8,"696985",3,3,1,2,1899-12-30 09:25:03,"",false,false,1899-12-30 11:05:49,50,2020-11-19 00:00:00,2020-11-19 00:00:00,50
139,X-533-50-2,"696749",2,2,1,2,1899-12-30 09:27:00,"",false,false,1899-12-30 13:35:11,30,2020-11-19 00:00:00,2020-11-19 00:00:00,30
140,X-306-56-A,"696749",18,2,1,2,1899-12-30 09:28:44,"Bob Started, Doug finished",false,false,1899-12-30 13:34:13,60,2020-11-19 00:00:00,2020-11-19 00:00:00,60
141,X-489-23-B,"696174",150,1,1,2,1899-12-30 09:30:46,Have a nice day come again.,false,false,1899-12-30 10:38:51,60,2020-11-19 00:00:00,2020-11-19 00:00:00,60
142,X-572-42-1,"696762",125,5,1,2,1899-12-30 09:32:37,thanks but no thanks,false,false,1899-12-30 11:24:22,40,2020-11-19 00:00:00,2020-11-19 00:00:00,40
143,X-286-15-1,"696841",181,1,1,2,1899-12-30 09:39:46,"",false,false,1899-12-30 13:33:17,40,2020-11-19 00:00:00,2020-11-19 00:00:00,40
144,X-381-4-1,"696731",181,1,1,2,1899-12-30 09:42:06,"",false,false,1899-12-30 12:39:33,30,2020-11-19 00:00:00,2020-11-19 00:00:00,30
145,X-662-7-2,"693221",178,1,1,2,1899-12-30 09:43:46,"",true,true,1899-12-30 11:14:07,50,2020-11-19 00:00:00,2020-11-19 00:00:00,50
146,W0033,"697242",2,2,1,2,1899-12-30 09:48:35,"",false,false,1899-12-30 09:49:08,10,2020-11-19 00:00:00,2020-11-19 00:00:00,10
147,X-806-75-1,"697297",14,4,1,2,1899-12-30 10:11:43,"Must be Pressed out of tank -------SM,  
Job currently with Rabia for in process testing-------SM
E1 inventory issues had to get 1KG of r1142 from R&D",true,true,1899-12-30 19:54:59,80,2020-11-19 00:00:00,2020-11-19 00:00:00,80
148,"4708768000","686936",265,6,1,2,1899-12-30 11:27:30,"Ingriedient #4 is ready to be added to the batch----- DA

Finished, Took 1 sample for QC--------VA",false,false,1899-12-30 21:48:56,50,2020-11-19 00:00:00,2020-11-19 00:00:00,50
149,X-564-30-9,"696745",181,1,1,2,1899-12-30 12:56:11,completed upto oper#30-JS,false,false,1899-12-30 17:41:44,40,2020-11-19 00:00:00,2020-11-19 00:00:00,40
150,X-345-7-A,"697362",6,2,2,2,1899-12-30 15:05:02,"",false,false,1899-12-30 15:17:20,30,2020-11-19 00:00:00,2020-11-19 00:00:00,30
151,X-489-10-D,"697363",4,2,2,2,1899-12-30 15:32:41,"",false,false,1899-12-30 16:25:15,60,2020-11-19 00:00:00,2020-11-19 00:00:00,60
152,X-461-5-C,"696522",120,1,1,2,1899-12-30 15:36:05,"",false,false,1899-12-30 15:36:19,50,2020-11-19 00:00:00,2020-11-19 00:00:00,50
153,X-485-74-C,"697065",14,2,1,2,1899-12-30 15:53:40,"",false,false,1899-12-30 19:56:12,30,2020-11-19 00:00:00,2020-11-19 00:00:00,30
154,X-533-73-7,"697062",18,2,1,2,1899-12-30 17:09:15,"",false,false,1899-12-30 21:25:33,70,2020-11-19 00:00:00,2020-11-19 00:00:00,70
155,X-307-54-3,"695662",182,1,1,2,1899-12-30 17:50:29,"",false,false,1899-12-30 21:58:47,30,2020-11-19 00:00:00,2020-11-19 00:00:00,30
156,X-780-95-6,"696905",18,2,1,2,1899-12-30 18:52:32,I forgot to log in this job on time. Actual start time around 2:30 pm.,false,false,1899-12-30 18:53:02,30,2020-11-19 00:00:00,2020-11-19 00:00:00,30
157,X-299-11-A,"697063",18,2,1,2,1899-12-30 20:39:05,"This job is incomplete, only OP#10 is done.
Picking up job at op#20",false,false,1899-12-30 06:38:56,30,2020-11-19 00:00:00,2020-11-20 00:00:00,30
158,X-246-25-1,"697296",18,2,1,2,1899-12-30 03:57:23,"",false,false,1899-12-30 06:50:31,30,2020-11-20 00:00:00,2020-11-20 00:00:00,30
159,X-446-55-A,"696906",6,2,1,2,1899-12-30 03:59:10,"",false,false,1899-12-30 12:23:32,30,2020-11-20 00:00:00,2020-11-20 00:00:00,30
161,X-728-67-A,"697028",6,2,1,2,1899-12-30 04:11:39,"",false,false,1899-12-30 07:05:44,20,2020-11-20 00:00:00,2020-11-20 00:00:00,20
162,X-672-27-2,"697201",3,3,1,2,1899-12-30 04:57:27,"",false,true,1899-12-30 09:50:09,40,2020-11-20 00:00:00,2020-11-20 00:00:00,40
163,X-552-15-D,"698057",145,1,1,2,1899-12-30 05:00:15,"",false,false,1899-12-30 12:58:44,60,2020-11-20 00:00:00,2020-11-20 00:00:00,60
164,X-221-103-4,"696732",181,1,1,2,1899-12-30 05:03:13,"",false,false,1899-12-30 08:13:53,20,2020-11-20 00:00:00,2020-11-20 00:00:00,20
165,X-611-74-C,"696370",145,6,1,2,1899-12-30 05:12:12,,false,false,1899-12-30 13:21:28,90,2020-11-20 00:00:00,2020-11-20 00:00:00,90
166,X-391-35-F,"697233",120,1,1,2,1899-12-30 05:14:50,Batch needs to be cooled below 38 degrees then down poured into 55 gallon drum ( Drum near batch ).,false,false,1899-12-30 20:04:32,40,2020-11-20 00:00:00,2020-11-20 00:00:00,40
167,X-320-67-2,"697020",7,2,1,2,1899-12-30 07:10:08,"",false,true,1899-12-30 12:41:03,40,2020-11-20 00:00:00,2020-11-20 00:00:00,40
168,X-301-75-1,"697068",181,1,1,2,1899-12-30 07:20:10,"",false,false,1899-12-30 11:14:58,30,2020-11-20 00:00:00,2020-11-20 00:00:00,30
169,X-572-38-2,"696915",181,1,1,2,1899-12-30 07:59:14,"completed oper#10 on first
took forever to get the 285 to mix in was on mixer 2 and had it short out in the beginning took a little time to find the breaker for it and then once I got it going again discovered that the lowest speed was too high and had to use the jog button on and off.",false,false,1899-12-30 06:13:42,30,2020-11-20 00:00:00,2020-11-21 00:00:00,30
170,X-444-58-1E,"697381",6,2,1,2,1899-12-30 10:17:30,"completed op#30 ( By 1st shift )
Resume and completed by 2nd shift.",false,false,1899-12-30 20:23:19,90,2020-11-20 00:00:00,2020-11-20 00:00:00,90
171,X-564-78-4,"696914",40,1,1,2,1899-12-30 13:30:45,complete through op 30,false,false,1899-12-30 08:40:18,60,2020-11-20 00:00:00,2020-11-21 00:00:00,60
172,W0080-N,"696478",120,1,1,2,1899-12-30 13:51:14,"",false,false,1899-12-30 21:41:25,50,2020-11-20 00:00:00,2020-11-20 00:00:00,50
173,X-597-67-D,"696165",181,1,1,2,1899-12-30 13:55:36,"",false,true,1899-12-30 19:43:31,50,2020-11-20 00:00:00,2020-11-20 00:00:00,50
174,X-345-19-C,"696912",181,1,1,2,1899-12-30 13:59:27,OP #10 ONLY-PREP WORK FOR SATURDAY,false,false,1899-12-30 13:02:18,10,2020-11-20 00:00:00,2020-11-21 00:00:00,10
175,X-307-54-3,"696726",181,1,1,2,1899-12-30 14:01:11,"Will need to be started in cooker and down packed----VA
Down packed and cleaned cooker----VA",false,false,1899-12-30 21:45:30,30,2020-11-20 00:00:00,2020-11-20 00:00:00,30
176,X-766-17-3,"696619",6,3,1,2,1899-12-30 14:04:06,Forgot to check off Pre adjustment,false,true,1899-12-30 21:36:15,60,2020-11-20 00:00:00,2020-11-20 00:00:00,60
177,X-564-58-4,"697482",12,4,2,2,1899-12-30 14:05:37,"",false,false,1899-12-30 15:17:08,40,2020-11-20 00:00:00,2020-11-20 00:00:00,40
178,W0105,"696484",181,1,1,2,1899-12-30 16:00:06,"",false,false,1899-12-30 20:16:46,20,2020-11-20 00:00:00,2020-11-20 00:00:00,20
179,X-726-85-1,"697197",3,2,1,2,1899-12-30 16:37:14,"",false,false,1899-12-30 18:43:21,30,2020-11-20 00:00:00,2020-11-20 00:00:00,30
180,W0151,"696919",181,1,1,2,1899-12-30 03:59:07,"",false,false,1899-12-30 08:11:39,20,2020-11-21 00:00:00,2020-11-21 00:00:00,20
181,X-766-5-8,"696918",290,6,1,2,1899-12-30 04:08:28,"",false,false,1899-12-30 12:09:25,30,2020-11-21 00:00:00,2020-11-23 00:00:00,30
182,X-296-37-1A,"696876",900,1,1,2,1899-12-30 05:22:38,"Continue Adding Material for Operation#10
Tony continuing Op #10; Op # 20 complete- Resume @ Op#30",false,false,1899-12-30 09:38:04,40,2020-11-21 00:00:00,2020-11-23 00:00:00,40
183,X-381-42-1,"697241",181,1,1,2,1899-12-30 05:33:40,Picked up in middle of opt. 10-TH,false,false,1899-12-30 13:44:58,30,2020-11-21 00:00:00,2020-11-21 00:00:00,30
184,X-564-5-6,"696349",181,1,1,2,1899-12-30 09:10:14,"",false,false,1899-12-30 13:34:34,40,2020-11-21 00:00:00,2020-11-21 00:00:00,40
185,x-766-5-8,"696918",290,6,1,2,1899-12-30 04:07:57,picking the job back up at op 20,false,false,1899-12-30 12:09:43,30,2020-11-23 00:00:00,2020-11-23 00:00:00,30
186,x-533-84-1,"697027",60,1,1,2,1899-12-30 04:11:10,"",false,false,1899-12-30 06:28:58,30,2020-11-23 00:00:00,2020-11-23 00:00:00,30
187,X-519-55-B,"696613",18,2,1,2,1899-12-30 04:58:32,"",false,false,1899-12-30 08:11:42,60,2020-11-23 00:00:00,2020-11-23 00:00:00,60
188,x-533-39-1,"697371",40,1,1,2,1899-12-30 05:00:02,"",false,false,1899-12-30 06:56:19,30,2020-11-23 00:00:00,2020-11-23 00:00:00,30
189,X-698-98-A,"696610",65,5,1,2,1899-12-30 05:01:39,"",false,false,1899-12-30 13:21:05,90,2020-11-23 00:00:00,2020-11-23 00:00:00,90
190,X-177-64-B,"697070",18,2,1,2,1899-12-30 05:23:35,"",true,true,1899-12-30 10:22:55,10,2020-11-23 00:00:00,2020-11-24 00:00:00,10
191,W0145,"697377",181,1,1,2,1899-12-30 06:55:53,prefilter base,false,false,1899-12-30 12:13:05,40,2020-11-23 00:00:00,2020-11-23 00:00:00,40
192,W0145,"697376",181,1,1,2,1899-12-30 07:14:14,"",false,false,1899-12-30 12:30:40,30,2020-11-23 00:00:00,2020-11-23 00:00:00,30
193,X-332-72-1,"696348",181,1,1,2,1899-12-30 08:36:50,Add Aerosol and finish,false,false,1899-12-30 14:23:17,40,2020-11-23 00:00:00,2020-11-23 00:00:00,40
194,"4708769000","691480",224,6,1,2,1899-12-30 13:40:26,"Will need to start in a cooker, then filtered into 100 gal ross ------VA",false,false,1899-12-30 21:50:30,60,2020-11-23 00:00:00,2020-11-23 00:00:00,60
195,X-531-101-A,"696904",14,4,1,2,1899-12-30 13:42:19,"",false,false,1899-12-30 21:30:46,10,2020-11-23 00:00:00,2020-11-23 00:00:00,10
196,X-728-14-B,"697235",181,1,1,2,1899-12-30 16:05:56,"",false,false,1899-12-30 22:16:01,40,2020-11-23 00:00:00,2020-11-23 00:00:00,40
197,W0025,"697383",181,1,1,2,1899-12-30 16:07:20,"",false,false,1899-12-30 22:16:09,10,2020-11-23 00:00:00,2020-11-23 00:00:00,10
198,X-221-103-4,"697666",184,1,2,2,1899-12-30 20:51:12,"",false,false,1899-12-30 21:40:07,30,2020-11-23 00:00:00,2020-11-23 00:00:00,30
199,X-489-23-B,"696174",158,1,2,2,1899-12-30 04:06:58,"",false,false,1899-12-30 05:00:54,20,2020-11-24 00:00:00,2020-11-24 00:00:00,20
200,X-564-30-9,"697667",185,1,2,2,1899-12-30 04:08:32,"",false,false,1899-12-30 07:18:37,10,2020-11-24 00:00:00,2020-11-24 00:00:00,10
201,X-806-67-7,"696126",3,3,1,2,1899-12-30 04:14:19,"",false,false,1899-12-30 13:27:21,40,2020-11-24 00:00:00,2020-11-24 00:00:00,40
202,X-391-17-A,"697374",181,1,1,2,1899-12-30 05:00:33,"Job will be in Fridge cooling. MT
Pulled from fridge, finished---VA",false,false,1899-12-30 21:26:33,50,2020-11-24 00:00:00,2020-11-24 00:00:00,50
203,X-789-25-2,"696774",120,8,1,2,1899-12-30 05:03:32,"",false,false,1899-12-30 07:52:37,60,2020-11-24 00:00:00,2020-11-24 00:00:00,60
204,X-177-92-B,"697351",181,1,1,2,1899-12-30 05:13:00,"",false,false,1899-12-30 09:50:41,50,2020-11-24 00:00:00,2020-11-24 00:00:00,50
205,X-728-39-A,"697658",2,2,1,2,1899-12-30 06:04:03,"",false,false,1899-12-30 10:09:15,50,2020-11-24 00:00:00,2020-11-24 00:00:00,50
206,X-391-17-A,"697375",181,1,1,2,1899-12-30 07:41:37,"PUT IN FRIDGE
Pulled from fridge, finished---VA",false,false,1899-12-30 21:26:52,50,2020-11-24 00:00:00,2020-11-24 00:00:00,50
207,X-789-26-4,"697662",12,8,1,2,1899-12-30 07:53:39,"",false,false,1899-12-30 09:20:06,20,2020-11-24 00:00:00,2020-11-24 00:00:00,20
208,X-728-41-B,"697660",80,1,1,2,1899-12-30 08:02:58,"",false,false,1899-12-30 10:54:10,30,2020-11-24 00:00:00,2020-11-24 00:00:00,30
209,X-527-60-1,"696367",90,1,1,2,1899-12-30 08:47:28,Continue mixing for Operation #10 and continue batch for Oligomer.,false,false,1899-12-30 15:44:42,20,2020-11-24 00:00:00,2020-11-24 00:00:00,20
210,X-789-25-4,"697673",14,8,1,2,1899-12-30 09:23:28,"",false,false,1899-12-30 13:18:39,50,2020-11-24 00:00:00,2020-11-24 00:00:00,50
211,X-713-78-1,"697678",3,2,1,2,1899-12-30 10:12:30,"",false,false,1899-12-30 12:46:11,40,2020-11-24 00:00:00,2020-11-24 00:00:00,40
212,X-762-28-1,"697661",50,1,1,2,1899-12-30 10:18:59,"",false,false,1899-12-30 12:52:51,70,2020-11-24 00:00:00,2020-11-24 00:00:00,70
213,X-299-82-A,"697029",120,1,1,2,1899-12-30 13:42:28,,false,false,1899-12-30 21:40:36,20,2020-11-24 00:00:00,2020-11-24 00:00:00,20
214,X-307-54-3,"697861",18,1,1,2,1899-12-30 13:43:25,r0192 55kg from pail then had to open drum that was in the oven to get last litle bit,false,false,1899-12-30 22:10:47,30,2020-11-24 00:00:00,2020-11-24 00:00:00,30
215,X-564-20-18,"697372",560,1,1,2,1899-12-30 13:46:40,Guzzler was moved back to P&F on the shelf after completed.,false,false,1899-12-30 20:00:24,20,2020-11-24 00:00:00,2020-11-24 00:00:00,20
216,X-301-75-1,"697348",181,1,1,2,1899-12-30 16:08:35,"",false,false,1899-12-30 21:40:48,30,2020-11-24 00:00:00,2020-11-24 00:00:00,30
217,W0103,"697665",6,2,1,2,1899-12-30 17:36:21,"",false,false,1899-12-30 19:58:15,20,2020-11-24 00:00:00,2020-11-24 00:00:00,20
219,X-597-67-D,"697871",182,1,2,2,1899-12-30 04:03:40,"",false,false,1899-12-30 06:25:53,10,2020-11-25 00:00:00,2020-11-25 00:00:00,10
220,X-306-96-A,"697836",5,3,1,2,1899-12-30 04:11:06,"",false,false,1899-12-30 10:35:53,40,2020-11-25 00:00:00,2020-11-25 00:00:00,40
221,X-478-71-A,"697655",18,2,1,2,1899-12-30 04:12:09,"",false,false,1899-12-30 13:04:51,60,2020-11-25 00:00:00,2020-11-25 00:00:00,60
222,X-301-44-3,"697677",35,1,1,2,1899-12-30 05:00:56,"r0145 was not in the oven long enough-MT
R0145 added after 3:40pm-TH",false,false,1899-12-30 21:34:35,40,2020-11-25 00:00:00,2020-11-25 00:00:00,40
223,X-246-25-1,"697824",18,2,1,2,1899-12-30 05:04:01,"",false,false,1899-12-30 08:17:29,4,2020-11-25 00:00:00,2020-11-25 00:00:00,4
224,X-446-50-B,"697851",100,1,1,2,1899-12-30 05:05:29,"Continue Pouring Aerosol
Picked up at viscosity test-TH",false,false,1899-12-30 15:19:14,50,2020-11-25 00:00:00,2020-11-25 00:00:00,50
225,X-345-19-C,"697869",186,1,2,2,1899-12-30 06:28:00,"",false,false,1899-12-30 10:32:09,10,2020-11-25 00:00:00,2020-11-25 00:00:00,10
226,X-564-5-6,"697870",182,1,2,2,1899-12-30 06:52:14,"",false,false,1899-12-30 09:00:11,10,2020-11-25 00:00:00,2020-11-25 00:00:00,10
227,X-564-78-3L,"697808",60,1,1,2,1899-12-30 07:19:09,"r0145 has not been in oven long enough-MT
Adde R0145 after 3:40pm.-TH",false,false,1899-12-30 20:05:12,50,2020-11-25 00:00:00,2020-11-25 00:00:00,50
228,X-527-22,"697675",9,2,1,2,1899-12-30 08:28:21,"",false,false,1899-12-30 12:52:31,30,2020-11-25 00:00:00,2020-11-25 00:00:00,30
229,X-728-72-B,"697775",181,1,1,2,1899-12-30 08:44:00,"",false,false,1899-12-30 12:35:07,40,2020-11-25 00:00:00,2020-11-25 00:00:00,40
230,X-564-30-9,"697800",181,1,1,5,1899-12-30 09:06:49,"",false,false,,40,2020-11-25 00:00:00,,10
231,X-564-30-9,"697800",181,1,1,2,1899-12-30 11:03:47,picked up on op#30-TH,false,true,1899-12-30 19:19:42,40,2020-11-25 00:00:00,2020-11-25 00:00:00,40
232,X-531-101-A,"697962",14,4,2,2,1899-12-30 13:45:47,"",false,false,1899-12-30 15:28:52,3,2020-11-25 00:00:00,2020-11-25 00:00:00,3
233,X-785-55-8,"697674",16,4,1,2,1899-12-30 13:53:35,"completed op#30, I had to stop the job, because oligomer was no in oven.
Starting off from op#40----VA
Finished, moved to mill----VA",false,false,1899-12-30 21:27:58,70,2020-11-25 00:00:00,2020-11-30 00:00:00,70
234,X-177-92-B,"697960",181,1,2,2,1899-12-30 13:55:21,"Scraped pails into drum, mix and mill---VA",false,false,1899-12-30 16:38:01,20,2020-11-25 00:00:00,2020-11-25 00:00:00,20
235,X-332-72-1,"697961",181,1,2,2,1899-12-30 13:56:05,"",false,false,1899-12-30 17:26:32,20,2020-11-25 00:00:00,2020-11-25 00:00:00,20
236,W0090,"697834",2,2,1,2,1899-12-30 15:37:25,"",false,false,1899-12-30 16:15:53,10,2020-11-25 00:00:00,2020-11-25 00:00:00,10
237,X-647-101-2,"697663",12,2,1,2,1899-12-30 16:50:16,"",false,false,1899-12-30 22:17:47,60,2020-11-25 00:00:00,2020-11-25 00:00:00,60
238,X-728-28-A,"697776",90,1,1,2,1899-12-30 17:28:35,"",false,false,1899-12-30 21:36:03,10,2020-11-25 00:00:00,2020-11-25 00:00:00,10
239,X-391-17-A,"697676",181,1,1,2,1899-12-30 17:46:04,"cooling down will need r0002, r0048, and roo54 on Monday",false,false,1899-12-30 09:52:13,50,2020-11-25 00:00:00,2020-11-30 00:00:00,50
240,X-391-28-B,"697034",300,6,1,2,1899-12-30 05:04:38,"",false,false,1899-12-30 12:25:56,60,2020-11-30 00:00:00,2020-11-30 00:00:00,60
241,X-675-82-A,"696631",80,5,1,2,1899-12-30 11:32:29,"",true,true,1899-12-30 13:18:33,80,2020-11-30 00:00:00,2020-11-30 00:00:00,80
242,X-345-19-C,"696913",181,1,1,2,1899-12-30 11:33:37,fix start time,false,false,1899-12-30 11:34:03,50,2020-11-30 00:00:00,2020-11-30 00:00:00,50
243,X-489-23-D,"697659",6,2,1,2,1899-12-30 11:34:41,fix op num,false,false,1899-12-30 13:01:22,80,2020-11-30 00:00:00,2020-11-30 00:00:00,80
244,W0137,"695853",520,7,1,2,1899-12-30 11:35:57,"start time, op num",false,false,1899-12-30 14:36:29,50,2020-11-30 00:00:00,2020-11-30 00:00:00,50
245,X-584-96-L,"697679",160,1,1,2,1899-12-30 11:36:51,"start time, op num
Down packed and cleaned cooker----VA.",false,false,1899-12-30 17:14:20,50,2020-11-30 00:00:00,2020-11-30 00:00:00,50
246,X-332-68-1,"697671",18,2,1,2,1899-12-30 11:37:32,"start time, job num",false,false,1899-12-30 11:37:49,50,2020-11-30 00:00:00,2020-11-30 00:00:00,50
247,X-726-6-2,"697970",1,2,1,2,1899-12-30 11:38:30,"start, op num",false,false,1899-12-30 13:01:00,50,2020-11-30 00:00:00,2020-11-30 00:00:00,50
248,X-428-89-E,"697672",35,1,1,2,1899-12-30 11:39:22,"op, start time",false,false,1899-12-30 11:39:36,50,2020-11-30 00:00:00,2020-11-30 00:00:00,50
249,X-332-46-1,"697821",18,2,1,2,1899-12-30 11:40:34,"op, start",false,false,1899-12-30 13:22:58,50,2020-11-30 00:00:00,2020-11-30 00:00:00,50
251,W0083,"697680",181,1,1,2,1899-12-30 13:25:47,just need to seal drum and clean mixer #2,false,false,1899-12-30 14:36:58,40,2020-11-30 00:00:00,2020-11-30 00:00:00,40
252,X-711-59-A,"697832",31,4,1,2,1899-12-30 13:43:31,"",false,false,1899-12-30 21:37:16,50,2020-11-30 00:00:00,2020-11-30 00:00:00,50
253,X-584-54-A,"696488",181,1,1,2,1899-12-30 13:46:03,"",false,false,1899-12-30 21:43:34,40,2020-11-30 00:00:00,2020-11-30 00:00:00,40
254,X-728-11-B,"697664",8,2,1,2,1899-12-30 13:57:31,"",false,false,1899-12-30 19:20:23,50,2020-11-30 00:00:00,2020-11-30 00:00:00,50
255,X-494-96-A,"697841",4,2,1,2,1899-12-30 20:50:22,I did up to oper#20-----MI,false,false,1899-12-30 04:42:07,40,2020-11-30 00:00:00,2020-12-01 00:00:00,40
256,X-533-73-7,"697839",18,2,1,2,1899-12-30 21:26:37,Keanu Aguirre did this job,false,false,1899-12-30 21:29:20,30,2020-11-30 00:00:00,2020-11-30 00:00:00,30
258,X-765-71-1A,"697668",14,4,2,2,1899-12-30 04:09:51,"",false,false,1899-12-30 19:59:49,75,2020-12-01 00:00:00,2020-12-01 00:00:00,75
259,X-468-83-2,"697654",2,2,1,2,1899-12-30 04:56:45,"",true,false,1899-12-30 10:01:03,7,2020-12-01 00:00:00,2020-12-01 00:00:00,7
260,X-345-19-C,"697665",181,1,1,2,1899-12-30 05:01:41,AWAITING R0189 FROM 51,false,false,1899-12-30 06:30:28,30,2020-12-01 00:00:00,2020-12-02 00:00:00,30
261,X-506-80-C,"696775",190,6,1,2,1899-12-30 05:04:39,"viscosity adjustment
 Checked with Jermar given intruction :Mix for 10 mins with full vacuum,viscosity within range.",false,true,1899-12-30 16:12:16,70,2020-12-01 00:00:00,2020-12-01 00:00:00,70
262,X-464-47-B,"696351",150,5,1,5,1899-12-30 05:07:14,"",false,false,,70,2020-12-01 00:00:00,,10
263,W0138,"697817",181,1,1,2,1899-12-30 05:08:34,"",false,false,1899-12-30 10:31:17,50,2020-12-01 00:00:00,2020-12-01 00:00:00,50
264,X-789-25-4,"697837",65,8,1,2,1899-12-30 05:18:08,"",false,false,1899-12-30 08:09:40,50,2020-12-01 00:00:00,2020-12-01 00:00:00,50
265,X-405-18-1,"697352",181,1,1,2,1899-12-30 08:00:25,"started opertation 10   JM,
Advancing Job, Keanu
Ran short on R0285",false,false,1899-12-30 06:09:02,30,2020-12-01 00:00:00,2020-12-04 00:00:00,30
266,X-635-51-A,"697799",130,1,1,2,1899-12-30 08:13:31,"",false,false,1899-12-30 13:25:52,80,2020-12-01 00:00:00,2020-12-01 00:00:00,80
267,W0096,"698385",6,2,1,2,1899-12-30 11:19:12,"",false,false,1899-12-30 11:19:34,20,2020-12-01 00:00:00,2020-12-01 00:00:00,20
268,X-672-27-2,"697657",5,3,1,2,1899-12-30 13:52:22,"Started on bench moved to 2 gal Ross--VA
Down packed and cleaned 2 gal ross and mixer----VA",true,false,1899-12-30 19:43:40,40,2020-12-01 00:00:00,2020-12-01 00:00:00,40
269,X-635-51-A,"697799",130,1,1,2,1899-12-30 13:57:31,"Keanu Aguirre
Down pack from vessel to drum and sent to mill",false,false,1899-12-30 15:05:05,70,2020-12-01 00:00:00,2020-12-01 00:00:00,70
270,X-777-93-3,"697380",5,2,1,2,1899-12-30 14:00:48,"",false,false,1899-12-30 22:01:47,40,2020-12-01 00:00:00,2020-12-01 00:00:00,40
271,X-381-42-1,"698406",181,1,1,2,1899-12-30 14:11:15,"Actual amount of R0273 in Oven-A is less than needed; used what was there, 25.55, and mixed for 15 min. 29.474 still needed to complete Op#30. Replacement drum put in oven @ 4 pm. E1 was not completed for Op#30

-second shift COMPLETE",false,false,1899-12-30 15:20:07,30,2020-12-01 00:00:00,2020-12-02 00:00:00,30
272,W0097,"698415",2,2,1,2,1899-12-30 15:14:05,Keanu Aguirre completed this order,false,false,1899-12-30 15:59:56,10,2020-12-01 00:00:00,2020-12-01 00:00:00,10
273,W0137,"698403",520,7,2,2,1899-12-30 15:28:39,Heat & Mix complete. No visible undisolved particles,false,false,1899-12-30 07:20:24,30,2020-12-01 00:00:00,2020-12-01 00:00:00,30
274,X-707-56-4,"698427",2,2,1,2,1899-12-30 16:52:13,Keanu Aguirre started and completed this order,false,false,1899-12-30 20:45:47,10,2020-12-01 00:00:00,2020-12-01 00:00:00,10
275,X-728-41-B,"698446",80,1,2,2,1899-12-30 17:17:16,"",false,false,1899-12-30 21:22:40,2,2020-12-01 00:00:00,2020-12-01 00:00:00,2
276,X-345-19-C,"698442",186,1,2,2,1899-12-30 17:18:27,"",false,false,1899-12-30 18:36:29,20,2020-12-01 00:00:00,2020-12-01 00:00:00,20
277,X-301-44-3,"698444",35,1,2,2,1899-12-30 17:37:08,"",false,false,1899-12-30 20:00:08,20,2020-12-01 00:00:00,2020-12-01 00:00:00,20
278,X-572-42-1,"698382",125,5,1,2,1899-12-30 18:35:17,"",false,false,1899-12-30 22:22:51,40,2020-12-01 00:00:00,2020-12-01 00:00:00,40
279,X-564-78-3L,"698443",60,1,2,2,1899-12-30 19:58:24,"",false,false,1899-12-30 19:58:47,20,2020-12-01 00:00:00,2020-12-01 00:00:00,20
280,X-481-81-A,"697814",16,2,1,2,1899-12-30 04:03:04,"",false,true,1899-12-30 12:49:50,50,2020-12-02 00:00:00,2020-12-02 00:00:00,50
281,X-459-71-C,"698429",18,2,1,2,1899-12-30 04:11:33,"",false,false,1899-12-30 11:18:37,60,2020-12-02 00:00:00,2020-12-02 00:00:00,60
282,X-311-73-1,"698426",2,2,1,2,1899-12-30 04:12:33,"",false,false,1899-12-30 09:34:55,50,2020-12-02 00:00:00,2020-12-02 00:00:00,50
283,X-598-64-12,"698409",18,2,1,2,1899-12-30 04:56:34,"",false,false,1899-12-30 08:06:21,5,2020-12-02 00:00:00,2020-12-02 00:00:00,5
284,X-584-7-C2,"698434",6,2,1,2,1899-12-30 05:01:52,"",false,false,1899-12-30 10:52:39,7,2020-12-02 00:00:00,2020-12-02 00:00:00,7
285,X-766-5-8,"698404",300,6,1,5,1899-12-30 05:04:14,"NOT ENOUGH R0017 IN OVEN TO FILTER
Job Not Started",false,false,,30,2020-12-02 00:00:00,,10
286,X-464-47-B,"696351",120,5,1,2,1899-12-30 05:06:12,"",true,true,1899-12-30 13:11:51,60,2020-12-02 00:00:00,2020-12-02 00:00:00,60
287,X-597-67-D,"698384",181,1,1,2,1899-12-30 05:13:55,"",false,false,1899-12-30 13:06:16,50,2020-12-02 00:00:00,2020-12-02 00:00:00,50
288,X-511-43-A,"698435",60,1,1,2,1899-12-30 06:24:10,Ran short on R0285 paused 8:30 Am,false,false,1899-12-30 08:58:44,50,2020-12-02 00:00:00,2020-12-04 00:00:00,50
289,X-260-6-1,"698428",40,1,1,2,1899-12-30 06:51:03,"",false,false,1899-12-30 10:14:13,20,2020-12-02 00:00:00,2020-12-02 00:00:00,20
290,X-461-22-C,"698407",18,2,1,2,1899-12-30 07:28:50,"",false,false,1899-12-30 11:17:07,30,2020-12-02 00:00:00,2020-12-02 00:00:00,30
291,W0093,"698438",6,2,1,2,1899-12-30 09:41:15,"",false,false,1899-12-30 12:14:17,10,2020-12-02 00:00:00,2020-12-02 00:00:00,10
292,X-564-30-9,"698445",182,1,2,2,1899-12-30 10:38:39,Resuming @ R0004 add.Rework Step #3-TH,false,false,1899-12-30 18:22:57,10,2020-12-02 00:00:00,2020-12-02 00:00:00,10
293,X-572-60-1,"698451",125,1,1,2,1899-12-30 10:43:44,"",false,false,1899-12-30 13:05:53,20,2020-12-02 00:00:00,2020-12-02 00:00:00,20
294,X-299-11-A,"698594",30,1,1,2,1899-12-30 13:48:23,"",false,false,1899-12-30 17:38:53,30,2020-12-02 00:00:00,2020-12-02 00:00:00,30
295,X-572-42-1,"698572",127,5,2,2,1899-12-30 13:49:15,"",false,false,1899-12-30 15:56:39,2,2020-12-02 00:00:00,2020-12-02 00:00:00,2
296,X-766-5-8,"698404",300,6,1,2,1899-12-30 13:59:31,"",true,false,1899-12-30 22:06:24,30,2020-12-02 00:00:00,2020-12-02 00:00:00,30
297,X-446-96-C,"698582",18,2,1,2,1899-12-30 14:17:51,"",false,false,1899-12-30 20:48:15,40,2020-12-02 00:00:00,2020-12-02 00:00:00,40
298,X-728-70-B,"698583",18,2,1,2,1899-12-30 15:55:00,"",false,false,1899-12-30 21:34:30,10,2020-12-02 00:00:00,2020-12-02 00:00:00,10
299,X-340-38-1,"698447",26,4,1,2,1899-12-30 15:58:47,"",false,false,1899-12-30 21:24:32,40,2020-12-02 00:00:00,2020-12-02 00:00:00,40
300,X-728-20-A,"698580",12,2,1,2,1899-12-30 19:14:45,"There is not enough (oligomer #R0062.)
I only did oper#20.

DA-Completed batch 12/7/20",false,false,1899-12-30 13:20:39,30,2020-12-02 00:00:00,2020-12-07 00:00:00,30
301,X-728-43-B,"698578",60,1,1,2,1899-12-30 19:18:05,"Stopped at Opt. 30 for cooling,left in incompete section.-TH",false,false,1899-12-30 06:02:59,40,2020-12-02 00:00:00,2020-12-03 00:00:00,40
302,X-446-102-D,"698588",18,2,1,2,1899-12-30 04:05:13,"",false,false,1899-12-30 09:43:47,40,2020-12-03 00:00:00,2020-12-03 00:00:00,40
303,X-770-80-2,"698417",63,5,1,2,1899-12-30 04:09:20,"",false,false,1899-12-30 12:50:38,110,2020-12-03 00:00:00,2020-12-03 00:00:00,110
304,X-320-67-2,"698405",7,2,1,2,1899-12-30 04:57:33,"",false,false,1899-12-30 09:37:02,50,2020-12-03 00:00:00,2020-12-03 00:00:00,50
305,"4700516000","695268",152,6,1,2,1899-12-30 05:01:29,complete 1:30,false,false,1899-12-30 14:29:19,20,2020-12-03 00:00:00,2020-12-03 00:00:00,20
306,X-184-107-3,"692345",136,1,1,2,1899-12-30 05:07:45,"",true,true,1899-12-30 09:07:24,60,2020-12-03 00:00:00,2020-12-03 00:00:00,60
307,X-391-13-A,"698454",181,1,1,2,1899-12-30 05:11:39,"R0232 Must sit in Oven-A longer time period
Mixed for over an hour. Next time, start batch in cooker--TH",false,false,1899-12-30 21:55:47,30,2020-12-03 00:00:00,2020-12-03 00:00:00,30
308,X-177-142-A,"698575",6,2,1,2,1899-12-30 05:48:44,"",false,false,1899-12-30 10:57:33,30,2020-12-03 00:00:00,2020-12-03 00:00:00,30
309,X-250-48-B,"698452",181,1,1,5,1899-12-30 06:35:05,"Job Aborted, Crystalized W0083 added. See case 4659",false,false,,30,2020-12-03 00:00:00,,10
310,X-726-10-4,"698532",2,2,1,2,1899-12-30 06:46:11,"",false,false,1899-12-30 10:19:51,30,2020-12-03 00:00:00,2020-12-03 00:00:00,30
311,X-446-96-D,"698591",18,2,1,2,1899-12-30 06:56:25,"",false,false,1899-12-30 10:15:37,40,2020-12-03 00:00:00,2020-12-03 00:00:00,40
312,X-580-49-B,"698414",12,2,1,2,1899-12-30 08:53:17,has PA,false,true,1899-12-30 13:19:10,40,2020-12-03 00:00:00,2020-12-03 00:00:00,40
313,X-184-107-3,"692503",136,1,1,2,1899-12-30 09:09:55,"",false,false,1899-12-30 13:17:30,60,2020-12-03 00:00:00,2020-12-03 00:00:00,60
314,X-311-73-1,"698713",2,2,2,2,1899-12-30 10:22:04,"",false,false,1899-12-30 12:38:44,10,2020-12-03 00:00:00,2020-12-03 00:00:00,10
315,X-332-61-1,"698460",90,1,1,2,1899-12-30 13:12:01,"Issue with Final Net Weight and Work Order details. Actual Net Weight = 63 kg --- Documented Net Weight = 90 kg

Finished by 2nd shift, overpour of R0035 had happened, but was discuessed by Rabia and milled later. Visc test and FTIR test were accetable---DL",false,false,1899-12-30 21:57:33,40,2020-12-03 00:00:00,2020-12-03 00:00:00,40
316,X-332-62-1,"698746",60,1,1,2,1899-12-30 13:41:21,"",false,false,1899-12-30 17:08:00,30,2020-12-03 00:00:00,2020-12-03 00:00:00,30
317,"4700499000","695251",42,5,1,2,1899-12-30 13:44:24,"Brisa batch is calling for R0090 but our sheet is asking for R0793---VA

DA-Completed Job 12/4/2020 8:40 AM",false,false,1899-12-30 08:41:38,100,2020-12-03 00:00:00,2020-12-04 00:00:00,100
318,X-671-59-2,"698590",6,2,1,2,1899-12-30 13:45:20,"",false,false,1899-12-30 16:53:40,50,2020-12-03 00:00:00,2020-12-03 00:00:00,50
319,X-439-100-D,"698596",18,2,1,2,1899-12-30 13:58:26,"",false,false,1899-12-30 17:43:45,10,2020-12-03 00:00:00,2020-12-03 00:00:00,10
320,X-534-67-A,"698453",18,2,1,2,1899-12-30 14:07:56,"",false,true,1899-12-30 21:18:20,60,2020-12-03 00:00:00,2020-12-03 00:00:00,60
321,X-597-67-D,"698740",185,1,2,5,1899-12-30 16:05:27,R0243 not mixing in after an hour RB will adjust in the morning side batch is in the pilot drum is over in in process,false,false,,8,2020-12-03 00:00:00,,6
323,X-572-60-2,"698707",16,4,1,2,1899-12-30 19:01:41,"Finished operation #10,
Left the pale full of mixed materials below the 10 gal ross located between mixer 4 and mixer 5",false,false,1899-12-30 07:08:09,10,2020-12-03 00:00:00,2020-12-04 00:00:00,10
324,X-786-13-1,"698433",181,1,1,2,1899-12-30 04:59:55,"",false,false,1899-12-30 08:59:44,30,2020-12-04 00:00:00,2020-12-04 00:00:00,30
325,X-184-107-3,"692504",136,1,1,2,1899-12-30 05:04:37,"",true,true,1899-12-30 13:25:07,60,2020-12-04 00:00:00,2020-12-04 00:00:00,60
326,X-415-9-C,"698431",181,1,1,2,1899-12-30 05:15:33,"",false,false,1899-12-30 08:20:18,40,2020-12-04 00:00:00,2020-12-04 00:00:00,40
327,X-415-88-B,"698585",181,1,1,2,1899-12-30 07:39:19,"",false,false,1899-12-30 15:28:40,30,2020-12-04 00:00:00,2020-12-04 00:00:00,30
328,X-332-71-1,"698455",362,7,1,2,1899-12-30 09:16:55,Down packed the bottom and took sample---VA,false,false,1899-12-30 14:23:10,40,2020-12-04 00:00:00,2020-12-04 00:00:00,40
329,X-391-17-A,"698458",181,1,1,2,1899-12-30 09:29:56,"",false,false,1899-12-30 20:49:27,50,2020-12-04 00:00:00,2020-12-04 00:00:00,50
330,W0056,"698592",181,1,1,2,1899-12-30 10:06:58,"R0194

Waitig for Material to come in to finish first operation. Once material is restocked finish the pour and continue the batch.
---
Keanu Aguirre 12-4-2020 2nd shift
- Finished operation 30 and 40. Operation 20 still needs to be completed, then operation 50 can be finished. Left drum by team lead desk.",false,false,1899-12-30 09:02:22,40,2020-12-04 00:00:00,2020-12-07 00:00:00,40
331,X-564-30-9,"698851",183,1,2,2,1899-12-30 13:49:06,"",false,false,1899-12-30 15:15:00,2,2020-12-04 00:00:00,2020-12-04 00:00:00,2
332,X-671-59-2,"698853",6,2,2,2,1899-12-30 13:51:39,DARNELLE LANGEVIN,false,false,1899-12-30 14:16:08,40,2020-12-04 00:00:00,2020-12-04 00:00:00,40
333,X-324-94-1,"698884",18,2,1,2,1899-12-30 13:59:34,INCOMPLETE :Job is done up to oper#60,false,false,1899-12-30 04:58:40,80,2020-12-04 00:00:00,2020-12-07 00:00:00,80
334,X-580-49-B,"698852",12,2,2,2,1899-12-30 14:41:02,DARNELLE LANGEVIN,false,false,1899-12-30 15:19:46,30,2020-12-04 00:00:00,2020-12-04 00:00:00,30
335,X-726-85-3,"698762",2,2,1,2,1899-12-30 19:32:56,DARNELLE LANGEVIN,false,false,1899-12-30 20:44:55,100,2020-12-04 00:00:00,2020-12-04 00:00:00,100
336,X-698-98-A,"698597",14,4,1,2,1899-12-30 04:09:09,"",false,false,1899-12-30 12:14:50,100,2020-12-07 00:00:00,2020-12-07 00:00:00,100
337,X-662-7-2,"698456",178,1,1,2,1899-12-30 05:00:36,"",false,false,1899-12-30 09:17:56,40,2020-12-07 00:00:00,2020-12-07 00:00:00,40
338,X-531-86-A,"698574",178,1,1,5,1899-12-30 05:05:40,NO W0075,false,true,,40,2020-12-07 00:00:00,,10
339,X-662-7-2,"698457",178,1,1,2,1899-12-30 05:20:53,"",false,false,1899-12-30 09:30:42,50,2020-12-07 00:00:00,2020-12-07 00:00:00,50
340,X-184-107-3,"695848",136,1,1,5,1899-12-30 05:23:48,"Need 2.90kg more of W0137. Continue batch where left off once material is in stock and ready to use

~ Jay 12/07/20",false,false,,70,2020-12-07 00:00:00,,10
341,W0137,"694886",520,7,1,2,1899-12-30 05:30:10,"",false,true,1899-12-30 13:28:05,50,2020-12-07 00:00:00,2020-12-07 00:00:00,50
342,X-617-38-12,"698891",16,2,1,2,1899-12-30 07:55:10,"",false,false,1899-12-30 07:55:32,20,2020-12-07 00:00:00,2020-12-07 00:00:00,20
343,X-531-86-A,"698574",178,1,1,2,1899-12-30 09:28:58,"Aerosol and Oligomer must be added, then Filter and complete~ Jay 12/07/20",false,false,1899-12-30 17:23:54,40,2020-12-07 00:00:00,2020-12-07 00:00:00,40
344,W0075,"698960",2,2,1,2,1899-12-30 09:39:39,"",false,false,1899-12-30 12:29:59,20,2020-12-07 00:00:00,2020-12-07 00:00:00,20
345,X-332-62-1,"698962",60,1,2,2,1899-12-30 12:31:10,"",false,false,1899-12-30 12:31:23,40,2020-12-07 00:00:00,2020-12-07 00:00:00,40
346,X-389-28-A,"697811",150,1,1,2,1899-12-30 13:48:57,"Waiting on approval for use of cold oligomer R0327
Not enough in Oven to fill batch

~ Jay
12/08/20

----------------------
Resuming

~ Jay
12/08/20
-------------------------

prepped for tomorrow",false,false,1899-12-30 12:55:02,60,2020-12-07 00:00:00,2020-12-08 00:00:00,60
347,X-766-17-3,"698599",6,3,1,2,1899-12-30 13:53:29,"",false,true,1899-12-30 21:18:11,60,2020-12-07 00:00:00,2020-12-07 00:00:00,60
348,X-564-20-18,"698437",560,1,1,2,1899-12-30 13:56:33,"",false,false,1899-12-30 22:01:53,10,2020-12-07 00:00:00,2020-12-07 00:00:00,10
349,X-628-28-K,"698995",31,1,1,2,1899-12-30 16:47:03,"",false,false,1899-12-30 20:14:38,40,2020-12-07 00:00:00,2020-12-07 00:00:00,40
350,X-597-67-D,"699025",181,2,2,2,1899-12-30 17:12:25,"Start in piolet side batch, will need to be combined with old batch later. 161.00 is only needed out of the old batch (Refer to pink sheet for directions.)---VA

Moved from piolet plant to drum. Finished and moved to the mill. Scrap pail next to Kevins desk------VA",false,false,1899-12-30 19:31:28,60,2020-12-07 00:00:00,2020-12-08 00:00:00,60
351,X-332-61-1,"699024",92,1,2,2,1899-12-30 17:51:07,"",false,false,1899-12-30 21:03:07,10,2020-12-07 00:00:00,2020-12-07 00:00:00,10
352,X-728-41-A,"698997",8,2,1,2,1899-12-30 20:40:05,"",false,false,1899-12-30 21:20:08,10,2020-12-07 00:00:00,2020-12-07 00:00:00,10
353,W0101,"698990",3,2,1,2,1899-12-30 21:26:49,"",false,false,1899-12-30 22:01:33,20,2020-12-07 00:00:00,2020-12-07 00:00:00,20
354,X-519-55-B,"698408",18,2,1,2,1899-12-30 04:01:08,"",false,true,1899-12-30 06:03:11,50,2020-12-08 00:00:00,2020-12-08 00:00:00,50
355,X-506-80-C,"698981",65,5,1,2,1899-12-30 04:09:54,"",false,false,1899-12-30 13:00:29,70,2020-12-08 00:00:00,2020-12-08 00:00:00,70
356,X-612-44-A,"699000",181,1,1,2,1899-12-30 04:56:58,"",false,false,1899-12-30 08:20:22,30,2020-12-08 00:00:00,2020-12-08 00:00:00,30
357,X-464-47-B-PP,"698985",108,5,1,5,1899-12-30 05:03:06,NO 40G Ross Pots,false,false,,70,2020-12-08 00:00:00,,10
358,X-611-74-C,"698980",300,6,1,2,1899-12-30 05:10:04,"",false,false,1899-12-30 13:20:10,100,2020-12-08 00:00:00,2020-12-08 00:00:00,100
359,X-301-41-2,"698984",3,3,1,2,1899-12-30 05:25:10,"",false,false,1899-12-30 09:32:46,60,2020-12-08 00:00:00,2020-12-08 00:00:00,60
360,X-726-76-3,"698973",18,2,1,2,1899-12-30 06:29:04,"",false,false,1899-12-30 08:41:09,30,2020-12-08 00:00:00,2020-12-08 00:00:00,30
361,X-830-3-3,"120800",6,3,3,2,1899-12-30 07:37:27,Off SYS batch lot 1208MA - Maria,false,false,1899-12-30 15:05:21,50,2020-12-08 00:00:00,2020-12-08 00:00:00,50
362,X-412-67-A,"699011",181,1,1,5,1899-12-30 08:20:04,"",false,false,,50,2020-12-08 00:00:00,,10
363,X-728-29-A,"698996",40,1,1,2,1899-12-30 08:21:40,"",false,false,1899-12-30 11:03:13,20,2020-12-08 00:00:00,2020-12-08 00:00:00,20
364,X-613-16-1,"698976",90,1,1,2,1899-12-30 09:33:34,"",false,false,1899-12-30 13:21:17,30,2020-12-08 00:00:00,2020-12-08 00:00:00,30
365,X-431-13-A,"698972",2,2,1,2,1899-12-30 09:35:07,"",false,false,1899-12-30 12:36:32,40,2020-12-08 00:00:00,2020-12-08 00:00:00,40
366,X-410-19-1,"699012",100,1,1,2,1899-12-30 11:11:08,Picked up still adding material for Opt.10-TH,false,false,1899-12-30 19:11:16,30,2020-12-08 00:00:00,2020-12-08 00:00:00,30
367,X-464-47-B-PP,"698985",108,1,1,2,1899-12-30 13:50:21,"40 gal ross @ mill.",false,false,1899-12-30 22:45:46,60,2020-12-08 00:00:00,2020-12-08 00:00:00,60
368,X-332-62-1,"699146",60,1,2,2,1899-12-30 14:02:51,"",false,false,1899-12-30 15:55:08,10,2020-12-08 00:00:00,2020-12-08 00:00:00,10
369,"4700516000","699027",182,4,2,2,1899-12-30 15:48:54,"I have done oper#10
Need to down pack and mix with wo#695268.",false,false,1899-12-30 08:30:41,20,2020-12-08 00:00:00,2020-12-09 00:00:00,20
370,X-502-24-E,"698999",90,1,1,2,1899-12-30 16:34:20,"",false,false,1899-12-30 21:22:25,10,2020-12-08 00:00:00,2020-12-08 00:00:00,10
371,X-276-94-1,"698998",40,1,1,2,1899-12-30 19:12:27,"",false,false,1899-12-30 22:44:24,20,2020-12-08 00:00:00,2020-12-08 00:00:00,20
372,X-533-39-1,"699021",40,1,1,2,1899-12-30 04:00:17,"",false,false,1899-12-30 06:26:14,30,2020-12-09 00:00:00,2020-12-09 00:00:00,30
373,X-707-54-1,"698687",65,5,1,2,1899-12-30 04:12:30,"",false,false,1899-12-30 10:16:38,30,2020-12-09 00:00:00,2020-12-09 00:00:00,30
374,X-412-67-A,"699011",181,1,1,2,1899-12-30 04:56:02,PUT  IN FRIDGE,false,false,1899-12-30 12:59:38,30,2020-12-09 00:00:00,2020-12-09 00:00:00,30
375,X-499-91-C,"699004",6,2,1,2,1899-12-30 04:58:13,"",false,false,1899-12-30 10:11:05,40,2020-12-09 00:00:00,2020-12-09 00:00:00,40
376,X-184-107-3,"695849",136,1,1,2,1899-12-30 05:16:01,"Viscosity Testing Reworking still ongoing
See Rabia for information

~ Jay
12-10-20
---------------
Handed off to 2nd shift-----VA
Down packed and cleaned cooker---VA",false,false,1899-12-30 22:13:48,60,2020-12-09 00:00:00,2020-12-10 00:00:00,60
377,X-762-34-2,"699010",5,3,1,2,1899-12-30 06:01:51,"",false,false,1899-12-30 13:03:11,50,2020-12-09 00:00:00,2020-12-09 00:00:00,50
378,W0156,"699006",8,2,1,2,1899-12-30 06:38:41,"",false,false,1899-12-30 07:44:36,10,2020-12-09 00:00:00,2020-12-09 00:00:00,10
379,X-792-13-2,"699008",6,2,1,2,1899-12-30 07:57:36,"",false,false,1899-12-30 10:35:42,40,2020-12-09 00:00:00,2020-12-09 00:00:00,40
380,X-553-79-8,"698978",80,1,1,2,1899-12-30 07:58:57,IN FRIDGE TO COOL DOWN,false,false,1899-12-30 17:28:30,40,2020-12-09 00:00:00,2020-12-09 00:00:00,40
381,X-766-5-8,"699005",300,6,1,2,1899-12-30 09:07:17,"need around 2kg of r0004 then its done
picking up from op 30---VA",true,false,1899-12-30 20:47:15,30,2020-12-09 00:00:00,2020-12-09 00:00:00,30
382,X-766-68-5,"699007",3,3,1,5,1899-12-30 10:25:14,"Job is on hold, due to possiable contamination. - MI
Case 4678  - SB",false,false,,50,2020-12-09 00:00:00,,30
383,X-410-19-1,"699380",102,1,2,2,1899-12-30 12:34:31,"",false,false,1899-12-30 12:34:46,10,2020-12-09 00:00:00,2020-12-09 00:00:00,10
384,X-332-62-1,"699019",60,1,1,2,1899-12-30 13:41:58,"",false,false,1899-12-30 16:45:58,30,2020-12-09 00:00:00,2020-12-09 00:00:00,30
385,X-777-93-3,"699220",14,2,1,2,1899-12-30 13:43:26,"",false,false,1899-12-30 22:34:35,40,2020-12-09 00:00:00,2020-12-09 00:00:00,40
386,X-489-6-A,"699001",40,1,1,2,1899-12-30 13:44:54,"",true,false,1899-12-30 21:19:02,50,2020-12-09 00:00:00,2020-12-09 00:00:00,50
387,X-184-107-3,"695848",136,1,1,2,1899-12-30 14:09:06,"",false,false,1899-12-30 14:09:18,60,2020-12-09 00:00:00,2020-12-09 00:00:00,60
388,X-415-9-C,"699227",181,1,1,2,1899-12-30 14:27:01,"",false,false,1899-12-30 21:53:41,10,2020-12-09 00:00:00,2020-12-09 00:00:00,10
389,X-301-41-2,"699379",3,2,2,2,1899-12-30 15:52:20,"",false,false,1899-12-30 16:17:17,10,2020-12-09 00:00:00,2020-12-09 00:00:00,10
390,X-332-68-1,"699223",18,2,1,2,1899-12-30 16:20:09,"",false,true,1899-12-30 21:11:16,40,2020-12-09 00:00:00,2020-12-09 00:00:00,40
391,X-728-28-B,"699431",30,1,1,2,1899-12-30 19:34:42,"",false,false,1899-12-30 21:00:20,20,2020-12-09 00:00:00,2020-12-09 00:00:00,20
392,X-276-78-1,"699234",6,2,1,2,1899-12-30 20:03:49,"",false,false,1899-12-30 22:18:04,30,2020-12-09 00:00:00,2020-12-09 00:00:00,30
393,X-584-7-C2,"699401",6,2,1,2,1899-12-30 04:03:35,"",false,false,1899-12-30 08:11:06,50,2020-12-10 00:00:00,2020-12-10 00:00:00,50
394,X-741-101-1,"698992",70,5,1,2,1899-12-30 04:16:14,"",false,false,1899-12-30 12:24:10,80,2020-12-10 00:00:00,2020-12-10 00:00:00,80
395,X-531-94-A,"699393",181,1,1,2,1899-12-30 04:57:36,"",false,false,1899-12-30 07:19:55,20,2020-12-10 00:00:00,2020-12-10 00:00:00,20
396,X-320-67-2,"699015",7,2,1,2,1899-12-30 04:58:53,"",false,false,1899-12-30 12:15:49,50,2020-12-10 00:00:00,2020-12-10 00:00:00,50
397,X-415-9-C,"699226",181,1,1,2,1899-12-30 05:03:38,"",false,false,1899-12-30 08:15:35,50,2020-12-10 00:00:00,2020-12-10 00:00:00,50
398,X-656-8-A,"698974",150,6,1,2,1899-12-30 05:07:57,"",true,false,1899-12-30 12:55:02,120,2020-12-10 00:00:00,2020-12-10 00:00:00,120
399,X-184-107-3,"695850",136,1,1,2,1899-12-30 05:17:21,"Viscosity Testing Reworking still ongoing
See Rabia for information. Rabia has paperwork ( work order ).

~ Jay
12-10-20
------------------

Handed off to 2nd shift----VA
Down packed and cleaned cooker----VA",false,false,1899-12-30 22:14:22,60,2020-12-10 00:00:00,2020-12-10 00:00:00,60
400,X-728-36-A,"699392",18,2,1,2,1899-12-30 06:03:33,"",false,false,1899-12-30 09:43:46,40,2020-12-10 00:00:00,2020-12-10 00:00:00,40
401,X-533-73-7,"699449",18,1,1,2,1899-12-30 06:52:10,"",false,false,1899-12-30 10:02:40,30,2020-12-10 00:00:00,2020-12-10 00:00:00,30
402,X-766-5-8BASE,"699396",181,1,1,2,1899-12-30 07:47:30,"",false,false,1899-12-30 10:38:31,10,2020-12-10 00:00:00,2020-12-10 00:00:00,10
403,X-415-9-C,"699225",181,1,1,2,1899-12-30 08:16:20,"",false,false,1899-12-30 12:27:43,50,2020-12-10 00:00:00,2020-12-10 00:00:00,50
404,X-564-68-15,"699020",30,1,1,2,1899-12-30 12:01:16,"",false,false,1899-12-30 14:42:03,30,2020-12-10 00:00:00,2020-12-10 00:00:00,30
405,X-410-19-1,"699506",103,1,2,2,1899-12-30 12:18:42,"",false,false,1899-12-30 12:19:15,10,2020-12-10 00:00:00,2020-12-10 00:00:00,10
406,X-527-22,"699430",30,1,1,2,1899-12-30 13:38:53,"",false,false,1899-12-30 22:00:48,30,2020-12-10 00:00:00,2020-12-10 00:00:00,30
407,X-534-66-D,"699403",18,4,1,2,1899-12-30 13:41:32,"",false,false,1899-12-30 20:09:38,70,2020-12-10 00:00:00,2020-12-10 00:00:00,70
408,X-320-67-2,"698986",7,2,1,2,1899-12-30 14:00:15,"",false,true,1899-12-30 21:16:40,50,2020-12-10 00:00:00,2020-12-10 00:00:00,50
409,X-212-65-2,"699398",50,1,1,2,1899-12-30 14:58:39,"",false,false,1899-12-30 20:53:47,10,2020-12-10 00:00:00,2020-12-10 00:00:00,10
410,X-597-67-D,"699533",181,2,2,2,1899-12-30 15:41:40,"",false,true,1899-12-30 13:18:09,50,2020-12-10 00:00:00,2020-12-11 00:00:00,50
411,X-534-91-C,"699406",18,2,1,2,1899-12-30 04:09:44,"",false,false,1899-12-30 06:30:52,40,2020-12-11 00:00:00,2020-12-11 00:00:00,40
412,X-533-100-1,"699565",16,4,1,2,1899-12-30 04:12:26,"",false,false,1899-12-30 12:13:30,70,2020-12-11 00:00:00,2020-12-11 00:00:00,70
413,X-713-51-2,"699447",80,1,1,2,1899-12-30 04:55:23,"",false,false,1899-12-30 11:15:45,20,2020-12-11 00:00:00,2020-12-11 00:00:00,20
414,X-489-10-C,"699578",6,2,1,2,1899-12-30 04:56:33,"",false,true,1899-12-30 12:03:14,60,2020-12-11 00:00:00,2020-12-11 00:00:00,60
415,X-728-35-A,"699224",181,1,1,2,1899-12-30 05:00:56,"",false,false,1899-12-30 08:37:51,40,2020-12-11 00:00:00,2020-12-11 00:00:00,40
416,X-465-87-B,"699448",30,1,1,2,1899-12-30 05:03:18,"",false,false,1899-12-30 13:24:58,60,2020-12-11 00:00:00,2020-12-11 00:00:00,60
417,X-451-15-C,"699402",60,1,1,2,1899-12-30 05:07:15,"",false,false,1899-12-30 09:20:11,40,2020-12-11 00:00:00,2020-12-11 00:00:00,40
418,X-728-13-B,"699562",6,2,1,2,1899-12-30 05:54:34,"",true,false,1899-12-30 12:36:01,30,2020-12-11 00:00:00,2020-12-11 00:00:00,30
419,X-184-107-3,"695851",136,1,1,2,1899-12-30 06:29:41,Need more material for W0137,false,false,1899-12-30 13:38:30,60,2020-12-11 00:00:00,2020-12-15 00:00:00,60
420,X184-107-3,"695852",136,1,1,2,1899-12-30 06:30:37,"",false,false,1899-12-30 11:46:07,60,2020-12-11 00:00:00,2020-12-11 00:00:00,60
421,X-726-85-1,"699580",4,2,1,2,1899-12-30 06:33:22,"",false,false,1899-12-30 09:25:55,40,2020-12-11 00:00:00,2020-12-11 00:00:00,40
422,X-713-89-2,"699232",3,2,1,2,1899-12-30 09:45:37,"",false,false,1899-12-30 22:49:58,70,2020-12-11 00:00:00,2020-12-11 00:00:00,70
423,X-301-44-1,"699579",500,7,1,2,1899-12-30 13:39:03,"",false,false,1899-12-30 20:19:32,20,2020-12-11 00:00:00,2020-12-11 00:00:00,20
424,X-617-83-9,"697378",318,6,1,2,1899-12-30 13:40:04,"",false,true,1899-12-30 23:30:56,30,2020-12-11 00:00:00,2020-12-11 00:00:00,30
425,X-405-18-1,"699228",181,1,1,2,1899-12-30 13:47:08,darnelle langevin,false,false,1899-12-30 17:31:48,30,2020-12-11 00:00:00,2020-12-11 00:00:00,30
426,X-502-50-D,"699390",35,1,1,2,1899-12-30 13:49:30,"",false,false,1899-12-30 22:00:01,50,2020-12-11 00:00:00,2020-12-11 00:00:00,50
427,X-789-25-4,"699564",18,8,1,2,1899-12-30 13:55:32,"",false,false,1899-12-30 17:28:46,50,2020-12-11 00:00:00,2020-12-11 00:00:00,50
428,X-564-41-1,"699222",9,2,1,2,1899-12-30 13:56:19,"",false,false,1899-12-30 18:19:29,10,2020-12-11 00:00:00,2020-12-11 00:00:00,10
429,X-680-29-A,"699235",8,1,1,2,1899-12-30 17:46:01,"",false,false,1899-12-30 21:36:07,30,2020-12-11 00:00:00,2020-12-11 00:00:00,30
430,X-332-62-1,"699740",60,1,2,2,1899-12-30 18:06:31,"",false,false,1899-12-30 22:00:19,10,2020-12-11 00:00:00,2020-12-11 00:00:00,10
431,X-564-68-15,"699743",31,1,2,2,1899-12-30 19:27:48,"",false,false,1899-12-30 21:59:48,10,2020-12-11 00:00:00,2020-12-11 00:00:00,10
432,X-741-101-1,"699742",70,5,2,2,1899-12-30 20:02:11,"Batch needs to be debubbled.
Vacuum system was left on the ground behind the mixer.
No communication was given as to why it was left this way.-----VA",false,false,1899-12-30 08:54:10,30,2020-12-11 00:00:00,2020-12-12 00:00:00,30
433,X-250-48-B,"699394",181,1,1,2,1899-12-30 04:03:58,"",false,false,1899-12-30 06:17:48,20,2020-12-12 00:00:00,2020-12-12 00:00:00,20
434,X-246-25-1,"699397",35,1,1,2,1899-12-30 04:24:08,"",false,false,1899-12-30 08:47:27,30,2020-12-12 00:00:00,2020-12-12 00:00:00,30
435,W0083,"699389",181,1,1,5,1899-12-30 05:16:17,Not Started Yet,false,false,,30,2020-12-12 00:00:00,,10
436,X-564-30-9,"699728",70,1,1,2,1899-12-30 05:41:28,Picked up @ opt. 40 with R0004-TH,false,false,1899-12-30 10:33:44,40,2020-12-12 00:00:00,2020-12-12 00:00:00,40
437,X-741-101-1,"699742",70,5,2,2,1899-12-30 06:07:39,just needed to be debubbled,false,false,1899-12-30 06:08:01,10,2020-12-12 00:00:00,2020-12-12 00:00:00,10
438,X-564-78-3L,"699567",80,1,1,2,1899-12-30 06:28:03,"",false,false,1899-12-30 08:30:37,50,2020-12-12 00:00:00,2020-12-12 00:00:00,50
439,X-533-39-1,"699583",60,1,1,2,1899-12-30 09:59:48,Opt. 20 completed & Mixed.-TH,false,false,1899-12-30 13:38:51,30,2020-12-12 00:00:00,2020-12-15 00:00:00,30
440,X-299-1-A,"699722",50,1,1,2,1899-12-30 12:37:37,"",false,false,1899-12-30 12:37:46,10,2020-12-12 00:00:00,2020-12-12 00:00:00,10
441,X-391-17-A,"699230",181,1,1,2,1899-12-30 13:47:44,"",false,false,1899-12-30 13:39:07,10,2020-12-14 00:00:00,2020-12-15 00:00:00,10
442,X-728-35-A,"699897",182,1,2,2,1899-12-30 14:38:21,"",false,false,1899-12-30 18:21:49,10,2020-12-14 00:00:00,2020-12-14 00:00:00,10
443,X-725-83-8,"699730",3,3,1,2,1899-12-30 14:42:59,"",false,false,1899-12-30 19:28:20,60,2020-12-14 00:00:00,2020-12-14 00:00:00,60
444,X-123-147-4,"699588",18,2,1,2,1899-12-30 19:38:43,"",false,false,1899-12-30 22:06:04,30,2020-12-14 00:00:00,2020-12-14 00:00:00,30
445,X-741-101-1,"699955",70,5,2,2,1899-12-30 19:42:11,Finished on 12/15/20 on 1st shift,false,false,1899-12-30 22:46:31,10,2020-12-14 00:00:00,2020-12-15 00:00:00,10
446,X-765-71-1A,"699445",14,4,1,2,1899-12-30 04:11:39,"",false,false,1899-12-30 13:39:27,70,2020-12-15 00:00:00,2020-12-15 00:00:00,70
447,X-672-43-4,"699883",16,2,1,2,1899-12-30 04:14:14,"",false,false,1899-12-30 06:40:14,40,2020-12-15 00:00:00,2020-12-15 00:00:00,40
448,X-481-38-B,"699405",125,1,1,2,1899-12-30 04:58:08,"",false,false,1899-12-30 06:16:52,40,2020-12-15 00:00:00,2020-12-15 00:00:00,40
449,X-806-75-1,"699176",31,4,1,2,1899-12-30 05:03:40,"",false,false,1899-12-30 13:24:56,80,2020-12-15 00:00:00,2020-12-15 00:00:00,80
450,X-611-74-C,"699581",150,6,1,2,1899-12-30 05:09:39,"",false,false,1899-12-30 13:24:12,100,2020-12-15 00:00:00,2020-12-15 00:00:00,100
451,X-511-78-A,"699726",160,1,1,2,1899-12-30 05:15:55,"",false,false,1899-12-30 13:40:09,20,2020-12-15 00:00:00,2020-12-15 00:00:00,20
452,X-391-17-A,"699230",181,1,1,2,1899-12-30 06:30:00,put in the fridge to cool to 27,false,false,1899-12-30 13:00:19,50,2020-12-15 00:00:00,2020-12-15 00:00:00,50
453,X-642-36-B,"699881",14,2,1,2,1899-12-30 06:46:32,"",false,false,1899-12-30 12:30:43,50,2020-12-15 00:00:00,2020-12-15 00:00:00,50
454,X-584-54-A,"698988",181,1,1,5,1899-12-30 08:22:53,"",false,false,,40,2020-12-15 00:00:00,,10
455,X-728-1-B,"699587",18,2,1,2,1899-12-30 08:48:20,"",false,false,1899-12-30 12:25:50,30,2020-12-15 00:00:00,2020-12-15 00:00:00,30
456,X-786-6-1,"699560",225,6,1,2,1899-12-30 13:47:19,"",false,true,1899-12-30 23:28:01,50,2020-12-15 00:00:00,2020-12-15 00:00:00,50
457,X-584-54-A,"698988",181,1,1,2,1899-12-30 13:49:04,Down packed and cleaned cooker---TH,false,false,1899-12-30 21:51:10,40,2020-12-15 00:00:00,2020-12-15 00:00:00,40
458,X-713-89-2,"700058",3,2,2,2,1899-12-30 14:00:15,"",false,false,1899-12-30 16:51:06,30,2020-12-15 00:00:00,2020-12-15 00:00:00,30
459,X-306-44-A,"700122",3,2,1,2,1899-12-30 14:51:53,"",false,false,1899-12-30 17:40:53,30,2020-12-15 00:00:00,2020-12-15 00:00:00,30
460,X-184-107-3,"700057",136,1,2,2,1899-12-30 17:32:48,"Starting in 40 gal Ross, will have to downpack after finished----VA
Needed adjustment for visc. No one to mill sample----VA",true,false,1899-12-30 08:09:59,30,2020-12-15 00:00:00,2020-12-19 00:00:00,30
461,X-598-71-18,"699882",2,2,1,2,1899-12-30 17:49:47,"",false,false,1899-12-30 20:49:00,20,2020-12-15 00:00:00,2020-12-15 00:00:00,20
462,X-602-66,"699879",22,4,1,2,1899-12-30 22:47:23,E1 ISSUE REGARDING CABOSIL STILL BEING WORKED ON,false,false,1899-12-30 15:40:02,40,2020-12-15 00:00:00,2020-12-16 00:00:00,40
463,X-296-36-1,"700075",6,2,1,2,1899-12-30 04:03:35,"",false,false,1899-12-30 06:30:18,40,2020-12-16 00:00:00,2020-12-16 00:00:00,40
464,X-777-93-3,"699880",14,4,1,2,1899-12-30 04:09:36,"",false,false,1899-12-30 21:07:54,50,2020-12-16 00:00:00,2020-12-16 00:00:00,50
465,X-531-86-A,"699868",178,1,1,2,1899-12-30 04:56:06,"",false,false,1899-12-30 09:33:51,40,2020-12-16 00:00:00,2020-12-16 00:00:00,40
466,X-675-22-A,"699233",16,4,1,2,1899-12-30 05:02:33,"",false,false,1899-12-30 13:28:13,100,2020-12-16 00:00:00,2020-12-16 00:00:00,100
467,X-766-5-8,"700117",300,6,1,2,1899-12-30 05:08:49,"",true,false,1899-12-30 13:32:49,30,2020-12-16 00:00:00,2020-12-16 00:00:00,30
468,X-511-78-A,"699725",160,1,1,2,1899-12-30 05:18:08,"",false,false,1899-12-30 13:43:27,20,2020-12-16 00:00:00,2020-12-16 00:00:00,20
469,X-465-26-B,"700083",2,2,1,2,1899-12-30 06:55:27,"",false,false,1899-12-30 11:27:43,50,2020-12-16 00:00:00,2020-12-16 00:00:00,50
470,W0038,"700142",2,2,1,2,1899-12-30 08:32:20,"",false,false,1899-12-30 09:24:25,10,2020-12-16 00:00:00,2020-12-16 00:00:00,10
471,X-533-39-1,"700127",60,1,1,2,1899-12-30 10:01:14,"",false,false,1899-12-30 12:35:19,30,2020-12-16 00:00:00,2020-12-16 00:00:00,30
472,W0157,"700138",18,2,1,2,1899-12-30 10:06:28,"",false,false,1899-12-30 12:50:45,10,2020-12-16 00:00:00,2020-12-16 00:00:00,10
473,X-534-66-D,"700092",31,4,1,2,1899-12-30 13:53:47,"",false,false,1899-12-30 21:03:05,60,2020-12-16 00:00:00,2020-12-16 00:00:00,60
474,X-358-58-1,"699577",65,5,1,2,1899-12-30 13:56:56,Started in Pilot Plant-TH,false,false,1899-12-30 20:38:11,50,2020-12-16 00:00:00,2020-12-16 00:00:00,50
475,X-446-50-B,"700268",2,2,1,2,1899-12-30 13:58:41,"",false,true,1899-12-30 18:15:04,50,2020-12-16 00:00:00,2020-12-16 00:00:00,50
476,X-728-35-A,"700286",183,1,2,2,1899-12-30 14:00:58,Down packed and cleaned cooker to mill back into----VA,false,false,1899-12-30 16:12:35,20,2020-12-16 00:00:00,2020-12-16 00:00:00,20
477,X-672-43-4,"700285",16,2,2,2,1899-12-30 15:36:38,"",false,false,1899-12-30 15:57:57,20,2020-12-16 00:00:00,2020-12-16 00:00:00,20
478,X-359-92-C,"700283",40,1,2,2,1899-12-30 16:50:01,Need to start by downpacking pails---VA,false,false,1899-12-30 17:56:17,20,2020-12-16 00:00:00,2020-12-16 00:00:00,20
479,X-564-30-9,"700284",71,1,2,2,1899-12-30 17:02:13,"",false,false,1899-12-30 18:06:19,10,2020-12-16 00:00:00,2020-12-16 00:00:00,10
480,X-376-19-B,"700128",18,1,1,2,1899-12-30 18:38:28,"",false,true,1899-12-30 20:48:12,20,2020-12-16 00:00:00,2020-12-16 00:00:00,20
481,X-766-5-8,"699395",300,6,1,2,1899-12-30 13:30:10,"",false,false,1899-12-30 23:15:06,30,2020-12-17 00:00:00,2020-12-17 00:00:00,30
482,X-598-10-1,"700145",16,4,1,2,1899-12-30 13:31:55,"",false,false,1899-12-30 22:44:35,70,2020-12-17 00:00:00,2020-12-17 00:00:00,70
483,X-511-78-A,"699724",160,1,1,2,1899-12-30 13:33:44,"",false,false,1899-12-30 22:58:25,20,2020-12-17 00:00:00,2020-12-17 00:00:00,20
484,X-672-27-2,"700123",3,3,1,2,1899-12-30 13:49:24,"",false,true,1899-12-30 17:57:28,40,2020-12-17 00:00:00,2020-12-17 00:00:00,40
485,X-301-44-1,"700124",181,1,1,2,1899-12-30 14:08:17,"",false,false,1899-12-30 17:12:48,10,2020-12-17 00:00:00,2020-12-17 00:00:00,10
486,X-248-81-A,"700135",60,1,1,2,1899-12-30 16:47:48,"",false,false,1899-12-30 21:28:06,10,2020-12-17 00:00:00,2020-12-17 00:00:00,10
487,X-412-67-A,"700129",181,1,1,2,1899-12-30 17:53:10,"Finished up to OPT 30, Cooling -TH",false,false,1899-12-30 08:45:35,50,2020-12-17 00:00:00,2020-12-19 00:00:00,50
488,X-698-13-D,"700136",2,2,1,2,1899-12-30 18:20:53,"",false,false,1899-12-30 21:44:28,60,2020-12-17 00:00:00,2020-12-17 00:00:00,60
489,X-672-43-4,"700110",60,1,1,2,1899-12-30 18:22:04,"",false,false,1899-12-30 22:44:47,40,2020-12-17 00:00:00,2020-12-17 00:00:00,40
490,X-789-24-1,"700266",3,3,1,2,1899-12-30 04:05:43,"",false,false,1899-12-30 13:00:31,90,2020-12-18 00:00:00,2020-12-18 00:00:00,90
491,X-A2-75-6,"700132",3,2,1,2,1899-12-30 04:07:19,"",false,false,1899-12-30 05:57:38,40,2020-12-18 00:00:00,2020-12-18 00:00:00,40
492,X-728-42-B,"700133",6,2,1,2,1899-12-30 04:08:53,"",false,true,1899-12-30 08:45:41,30,2020-12-18 00:00:00,2020-12-18 00:00:00,30
493,X-533-5-1,"700429",55,1,1,2,1899-12-30 04:55:33,"",false,false,1899-12-30 06:45:01,20,2020-12-18 00:00:00,2020-12-18 00:00:00,20
494,X-451-15-C,"700134",100,1,1,2,1899-12-30 05:03:24,"",false,false,1899-12-30 09:31:02,40,2020-12-18 00:00:00,2020-12-18 00:00:00,40
495,X-572-60-1,"700407",2,2,1,2,1899-12-30 05:07:01,"",false,false,1899-12-30 11:14:53,20,2020-12-18 00:00:00,2020-12-18 00:00:00,20
496,"4706015000","699531",112,5,2,2,1899-12-30 05:13:07,"",false,false,1899-12-30 13:30:18,70,2020-12-18 00:00:00,2020-12-18 00:00:00,70
497,X-299-79-A,"700097",80,1,1,2,1899-12-30 05:41:17,"",false,true,1899-12-30 13:02:45,30,2020-12-18 00:00:00,2020-12-18 00:00:00,30
498,X-713-89-2,"700146",106,1,1,2,1899-12-30 06:16:58,"",false,false,1899-12-30 21:15:57,70,2020-12-18 00:00:00,2020-12-18 00:00:00,70
499,X-301-75-1,"700139",181,1,1,2,1899-12-30 06:53:52,"",false,false,1899-12-30 10:12:36,30,2020-12-18 00:00:00,2020-12-18 00:00:00,30
500,X-398-85-A,"700077",2,2,1,2,1899-12-30 08:21:00,"",false,false,1899-12-30 11:14:27,30,2020-12-18 00:00:00,2020-12-18 00:00:00,30
501,X-446-100-A,"700084",18,2,1,2,1899-12-30 08:48:25,"",false,true,1899-12-30 12:59:55,40,2020-12-18 00:00:00,2020-12-18 00:00:00,40
502,X-332-68-1,"700411",30,1,1,2,1899-12-30 10:17:36,"",false,false,1899-12-30 13:17:05,40,2020-12-18 00:00:00,2020-12-18 00:00:00,40
503,X-412-67-A,"700129",181,1,1,2,1899-12-30 12:24:35,"",false,false,1899-12-30 14:21:19,50,2020-12-18 00:00:00,2020-12-18 00:00:00,50
504,X-489-23-D,"700405",30,1,1,2,1899-12-30 13:45:10,"Started in cooker in Pilot plant.-TH 
Transferred to cooker for Hock-TH",true,true,1899-12-30 21:20:05,50,2020-12-18 00:00:00,2020-12-18 00:00:00,50
505,X-761-81-6,"700131",120,5,1,2,1899-12-30 13:46:00,"",false,false,1899-12-30 21:55:18,50,2020-12-18 00:00:00,2020-12-18 00:00:00,50
506,X-642-36-B,"700434",18,2,1,2,1899-12-30 13:48:53,"",false,true,1899-12-30 18:38:24,50,2020-12-18 00:00:00,2020-12-18 00:00:00,50
507,X-628-28-K,"700406",40,1,1,2,1899-12-30 14:04:25,"",false,false,1899-12-30 20:13:17,40,2020-12-18 00:00:00,2020-12-18 00:00:00,40
508,X-266-56-A,"700656",30,1,2,2,1899-12-30 14:42:24,"",false,false,1899-12-30 15:56:55,40,2020-12-18 00:00:00,2020-12-18 00:00:00,40
509,X-345-19-C,"700413",181,1,1,5,1899-12-30 15:40:19,not enough r0163,false,false,,10,2020-12-18 00:00:00,,10
510,X-533-73-7,"700408",18,2,1,2,1899-12-30 15:43:13,not enough R0386 in the oven,false,false,1899-12-30 11:14:00,10,2020-12-18 00:00:00,2020-12-19 00:00:00,10
511,W0105,"700140",181,1,1,2,1899-12-30 16:56:14,"",false,false,1899-12-30 21:16:32,10,2020-12-18 00:00:00,2020-12-18 00:00:00,10
512,X-726-85-1,"699862",2,2,1,2,1899-12-30 18:40:48,"",false,false,1899-12-30 21:24:02,30,2020-12-18 00:00:00,2020-12-18 00:00:00,30
513,W0145,"700414",181,1,1,2,1899-12-30 04:02:56,"",false,false,1899-12-30 07:22:58,30,2020-12-19 00:00:00,2020-12-19 00:00:00,30
514,X-531-86-A,"700703",18,2,3,2,1899-12-30 04:12:08,"",false,false,1899-12-30 08:43:02,40,2020-12-19 00:00:00,2020-12-19 00:00:00,40
515,X-494-12-D,"700430",60,1,1,2,1899-12-30 05:08:18,"",false,false,1899-12-30 10:17:01,30,2020-12-19 00:00:00,2020-12-19 00:00:00,30
516,X-405-18-1,"700416",181,1,1,2,1899-12-30 05:19:58,"",false,false,1899-12-30 09:14:09,30,2020-12-19 00:00:00,2020-12-19 00:00:00,30
517,W0025,"700681",181,1,1,2,1899-12-30 07:35:22,"",false,false,1899-12-30 08:50:26,20,2020-12-19 00:00:00,2020-12-19 00:00:00,20
518,X-306-17-B,"700409",181,1,1,2,1899-12-30 10:31:27,"",false,false,1899-12-30 08:05:06,20,2020-12-19 00:00:00,2020-12-21 00:00:00,20
519,X-307-54-3,"699561",181,1,1,2,1899-12-30 11:27:06,"Finish Pouring Material for Operation #20

~ Jay
12-19-20
-----------------------------------",false,false,1899-12-30 13:17:07,30,2020-12-19 00:00:00,2020-12-21 00:00:00,30
520,X-405-104-B,"700692",4,2,1,2,1899-12-30 03:59:35,"",false,false,1899-12-30 06:26:43,40,2020-12-21 00:00:00,2020-12-21 00:00:00,40
521,X-457-72-1,"699864",2,2,1,2,1899-12-30 04:01:14,"",false,false,1899-12-30 09:42:40,40,2020-12-21 00:00:00,2020-12-21 00:00:00,40
522,X-741-32-3,"700691",1,9,1,2,1899-12-30 04:08:07,"",false,false,1899-12-30 09:11:43,100,2020-12-21 00:00:00,2020-12-21 00:00:00,100
523,X-564-58-4,"699559",14,4,1,2,1899-12-30 04:09:26,"",false,false,1899-12-30 10:43:00,40,2020-12-21 00:00:00,2020-12-21 00:00:00,40
524,X-307-54-3,"699561",181,1,1,5,1899-12-30 05:14:52,"",false,false,,30,2020-12-21 00:00:00,,10
525,X-307-54-3,"698448",181,1,1,2,1899-12-30 05:16:08,Continue pouring for Operation #30,false,false,1899-12-30 21:17:43,30,2020-12-21 00:00:00,2020-12-21 00:00:00,30
526,"4708768000","686937",265,6,1,2,1899-12-30 05:39:13,"",false,false,1899-12-30 13:28:29,20,2020-12-21 00:00:00,2020-12-21 00:00:00,20
527,X-391-17-A,"700400",181,1,1,5,1899-12-30 10:22:46,did not start. Giving operator another job -----SB,false,false,,50,2020-12-21 00:00:00,,10
528,X-519-55-B,"700685",5,2,1,2,1899-12-30 10:41:36,"",false,true,1899-12-30 13:11:10,50,2020-12-21 00:00:00,2020-12-21 00:00:00,50
529,X-534-66-D,"700690",17,4,1,5,1899-12-30 10:42:43,"",false,false,,70,2020-12-21 00:00:00,,10
530,X-711-59-A,"700693",65,5,1,2,1899-12-30 13:39:45,"",false,false,1899-12-30 21:54:27,50,2020-12-21 00:00:00,2020-12-21 00:00:00,50
531,W0138,"700125",181,1,1,2,1899-12-30 13:45:02,"",false,false,1899-12-30 21:12:14,50,2020-12-21 00:00:00,2020-12-21 00:00:00,50
532,X-506-80-C,"700126",300,6,1,2,1899-12-30 13:50:25,Not enough R0195 in house---VA//// op 30 is completed.,true,false,1899-12-30 22:53:18,70,2020-12-21 00:00:00,2020-12-29 00:00:00,70
533,X-332-60-1,"700141",181,1,1,2,1899-12-30 13:58:21,"not enough r0145 in the oven. E1 says 55kg but only 24kg was taken out of the drum. White board on oven says ""full"" drum of r0145",false,false,1899-12-30 21:56:51,10,2020-12-21 00:00:00,2020-12-22 00:00:00,10
534,X-184-107-3,"700057",136,1,2,2,1899-12-30 18:38:56,"",true,false,1899-12-30 20:22:07,20,2020-12-21 00:00:00,2020-12-21 00:00:00,20
535,X-617-83-9,"700689",181,1,1,2,1899-12-30 18:50:30,"not enough R0189 in the oven. Finished operation 20 ---KA

Picking job next morning Juan C.",false,false,1899-12-30 11:27:40,10,2020-12-21 00:00:00,2020-12-22 00:00:00,10
536,X-534-66-D,"700690",17,4,1,2,1899-12-30 03:59:48,done up to op#30,false,false,1899-12-30 17:08:27,60,2020-12-22 00:00:00,2020-12-22 00:00:00,60
537,X-664-34-B,"700805",20,4,1,2,1899-12-30 04:16:18,"",false,false,1899-12-30 13:04:14,130,2020-12-22 00:00:00,2020-12-22 00:00:00,130
538,X-786-20-4,"700836",2,3,1,2,1899-12-30 05:04:10,"",false,false,1899-12-30 13:23:45,60,2020-12-22 00:00:00,2020-12-22 00:00:00,60
539,X-391-17-A,"700400",181,1,1,2,1899-12-30 05:05:12,"",false,false,1899-12-30 18:20:43,50,2020-12-22 00:00:00,2020-12-22 00:00:00,50
540,X-728-20-B,"700410",181,1,1,2,1899-12-30 05:07:10,r0145 needs to be in hot box for a minimum of 24 hours.,false,false,1899-12-30 19:20:44,30,2020-12-22 00:00:00,2020-12-22 00:00:00,30
541,X-414-28-3,"700781",18,2,1,2,1899-12-30 09:26:40,"",false,false,1899-12-30 11:01:31,20,2020-12-22 00:00:00,2020-12-22 00:00:00,20
542,X-533-5-1,"700800",75,1,1,2,1899-12-30 09:42:34,"",false,false,1899-12-30 12:52:03,20,2020-12-22 00:00:00,2020-12-22 00:00:00,20
543,W0111,"700826",2,2,1,2,1899-12-30 11:21:45,"",false,false,1899-12-30 16:15:34,10,2020-12-22 00:00:00,2020-12-22 00:00:00,10
544,X-345-19-C,"700412",181,1,1,2,1899-12-30 11:31:25,Job completed 12/22,false,false,1899-12-30 10:40:40,30,2020-12-22 00:00:00,2020-12-23 00:00:00,30
545,W0113,"700825",5,2,1,2,1899-12-30 13:30:53,VIAL PUT IN QC OVEN. THE REST OF IT IS IN OVEN B,false,false,1899-12-30 14:24:39,10,2020-12-22 00:00:00,2020-12-22 00:00:00,10
546,X-345-19-C,"700412",181,1,1,2,1899-12-30 13:40:37,"",false,false,1899-12-30 17:30:01,30,2020-12-22 00:00:00,2020-12-22 00:00:00,30
547,X-766-27-1,"700686",1,9,1,2,1899-12-30 13:49:32,"",false,false,1899-12-30 20:24:12,70,2020-12-22 00:00:00,2020-12-22 00:00:00,70
548,X-250-48-B,"700787",181,1,1,2,1899-12-30 13:55:49,"",false,false,1899-12-30 16:03:45,30,2020-12-22 00:00:00,2020-12-22 00:00:00,30
549,X-301-67-1,"700816",6,2,1,2,1899-12-30 14:03:17,"",false,false,1899-12-30 16:39:44,20,2020-12-22 00:00:00,2020-12-22 00:00:00,20
550,X-246-25-1,"700783",18,2,1,2,1899-12-30 14:39:27,"",false,false,1899-12-30 19:48:30,10,2020-12-22 00:00:00,2020-12-22 00:00:00,10
551,X-789-25-4,"700822",50,8,1,2,1899-12-30 15:29:23,"",false,false,1899-12-30 18:57:19,20,2020-12-22 00:00:00,2020-12-22 00:00:00,20
552,X-516-99-E,"700788",2,2,1,2,1899-12-30 15:48:29,"",false,false,1899-12-30 21:29:20,50,2020-12-22 00:00:00,2020-12-22 00:00:00,50
553,X-728-30-B,"700779",50,1,1,2,1899-12-30 17:32:29,"",false,false,1899-12-30 21:57:48,50,2020-12-22 00:00:00,2020-12-22 00:00:00,50
554,X-398-85-A,"700952",2,2,2,2,1899-12-30 19:07:50,"",false,false,1899-12-30 19:59:22,20,2020-12-22 00:00:00,2020-12-22 00:00:00,20
555,X-458-19-B,"700799",181,1,1,2,1899-12-30 19:21:46,"",false,false,1899-12-30 19:22:09,30,2020-12-22 00:00:00,2020-12-22 00:00:00,30
556,X-345-19-C,"700413",181,1,1,2,1899-12-30 19:33:14,Op #20 Complete,false,false,1899-12-30 13:32:37,30,2020-12-22 00:00:00,2020-12-23 00:00:00,30
557,X-A2-75-6,"700969",3,2,2,2,1899-12-30 20:33:11,"",false,false,1899-12-30 14:24:27,20,2020-12-22 00:00:00,2020-12-23 00:00:00,20
558,X-451-15-D,"700798",14,2,1,2,1899-12-30 04:11:56,"",false,true,1899-12-30 09:58:49,50,2020-12-23 00:00:00,2020-12-23 00:00:00,50
559,X-177-126-B,"700804",8,2,1,2,1899-12-30 04:12:58,"",false,false,1899-12-30 09:10:47,30,2020-12-23 00:00:00,2020-12-23 00:00:00,30
560,X-762-75-1,"700694",1,9,1,2,1899-12-30 04:14:02,"",false,false,1899-12-30 04:05:09,60,2020-12-23 00:00:00,2020-12-28 00:00:00,60
561,X-250-48-B,"700786",181,1,1,2,1899-12-30 05:03:39,"",false,false,1899-12-30 10:42:27,40,2020-12-23 00:00:00,2020-12-23 00:00:00,40
562,X-405-18-1,"700810",181,1,1,2,1899-12-30 05:07:15,"",false,false,1899-12-30 11:04:45,30,2020-12-23 00:00:00,2020-12-23 00:00:00,30
563,X-391-17-A,"700795",181,1,1,2,1899-12-30 05:09:50,"Continue Cooling Below 27 Degrees
------",false,false,1899-12-30 21:08:29,50,2020-12-23 00:00:00,2020-12-23 00:00:00,50
564,X-617-78-1,"700809",181,1,1,2,1899-12-30 05:10:45,"Continue Operation #30
-----------------------------------",false,false,1899-12-30 20:23:18,40,2020-12-23 00:00:00,2020-12-23 00:00:00,40
565,X-534-16-A,"700785",2,2,1,2,1899-12-30 06:19:13,"",false,false,1899-12-30 08:46:26,30,2020-12-23 00:00:00,2020-12-23 00:00:00,30
566,X-533-73-7,"700801",18,2,1,2,1899-12-30 10:04:50,"",false,false,1899-12-30 04:05:20,30,2020-12-23 00:00:00,2020-12-28 00:00:00,30
567,X-324-10-1,"700784",18,2,1,2,1899-12-30 10:09:43,"",false,false,1899-12-30 12:50:49,50,2020-12-23 00:00:00,2020-12-23 00:00:00,50
568,X-789-25-2,"700792",60,8,1,2,1899-12-30 10:43:41,"",false,false,1899-12-30 10:53:33,30,2020-12-23 00:00:00,2020-12-23 00:00:00,30
569,W0108,"700682",40,1,1,2,1899-12-30 10:56:49,"HEAT

had to pause due to no more R0195 in the building.",false,false,1899-12-30 20:21:22,40,2020-12-23 00:00:00,2020-12-29 00:00:00,40
570,X-613-16-1,"701098",181,1,1,3,1899-12-30 13:46:50,Op #20 Done; No R0463 in-house,false,false,,30,2020-12-23 00:00:00,,20
571,X-741-101-1,"701106",150,6,1,2,1899-12-30 13:53:23,"",false,false,1899-12-30 20:25:55,70,2020-12-23 00:00:00,2020-12-23 00:00:00,70
572,X-527-22,"701108",36,1,1,2,1899-12-30 13:59:39,"Started in Cooker in Pilot Plant-TH
Down packed and moved to drum for last two materials---TH",false,false,1899-12-30 09:07:23,30,2020-12-23 00:00:00,2020-12-28 00:00:00,30
573,X-647-101-2,"700789",2,2,1,2,1899-12-30 14:06:16,"Part #W0083 we have available in stock , but it does not show in the computer.
Therefore I could not issue whole amount in ( super backflash).",false,false,1899-12-30 20:21:08,60,2020-12-23 00:00:00,2020-12-23 00:00:00,60
574,X-726-56-3,"701105",18,2,1,2,1899-12-30 14:27:15,"",false,false,1899-12-30 18:19:45,10,2020-12-23 00:00:00,2020-12-23 00:00:00,10
575,X-533-50-2,"701107",14,2,1,2,1899-12-30 15:01:30,Add .0214 deionized water and send to qc for retest,false,false,1899-12-30 15:20:20,30,2020-12-23 00:00:00,2020-12-28 00:00:00,30
576,X-564-78-4,"701097",36,1,1,2,1899-12-30 15:30:27,"",false,false,1899-12-30 17:49:59,55,2020-12-23 00:00:00,2020-12-23 00:00:00,55
577,X-584-34-B,"701099",17,2,1,5,1899-12-30 19:01:44,I WAS GIVEN A DIFFERENT TASK THAT WAS MORE SUITABLE WITH THE TIME I HAVE LEFT DURING MY SHIFT,false,false,,10,2020-12-23 00:00:00,,10
578,X-376-41-A,"701102",2,2,1,2,1899-12-30 19:17:22,"",false,false,1899-12-30 21:56:14,10,2020-12-23 00:00:00,2020-12-23 00:00:00,10
579,X-332-62-1,"700813",60,1,1,2,1899-12-30 19:48:37,Op #10 Done,false,false,1899-12-30 06:44:04,30,2020-12-23 00:00:00,2020-12-28 00:00:00,30
580,X-552-15-D,"700819",16,2,1,5,1899-12-30 04:02:01,"",false,true,,60,2020-12-28 00:00:00,,10
581,X-665-31-I,"700437",30,4,1,2,1899-12-30 04:06:56,"",false,false,1899-12-30 12:17:24,110,2020-12-28 00:00:00,2020-12-28 00:00:00,110
582,X-584-34-B,"701099",17,2,1,5,1899-12-30 04:10:34,product gelling,false,false,,50,2020-12-28 00:00:00,,40
583,X-306-17-B,"701156",185,1,2,2,1899-12-30 04:59:52,"",false,false,1899-12-30 05:39:00,40,2020-12-28 00:00:00,2020-12-28 00:00:00,40
584,X-617-83-9,"700415",318,6,1,2,1899-12-30 05:02:54,"",false,false,1899-12-30 13:28:25,30,2020-12-28 00:00:00,2020-12-28 00:00:00,30
585,X-458-19-B,"701160",51,1,2,2,1899-12-30 05:49:58,"",false,false,1899-12-30 06:33:19,20,2020-12-28 00:00:00,2020-12-28 00:00:00,20
586,X-728-20-B,"701157",184,1,2,2,1899-12-30 06:46:07,"",false,false,1899-12-30 08:20:21,30,2020-12-28 00:00:00,2020-12-28 00:00:00,30
587,X-728-21-A,"701101",2,2,1,2,1899-12-30 08:21:15,"",false,false,1899-12-30 10:39:14,30,2020-12-28 00:00:00,2020-12-28 00:00:00,30
588,X-212-67-1,"701095",2,2,1,2,1899-12-30 10:47:43,"",false,false,1899-12-30 13:13:57,30,2020-12-28 00:00:00,2020-12-28 00:00:00,30
589,X-713-78-1,"701304",46,1,1,2,1899-12-30 13:44:20,"",false,false,1899-12-30 19:52:31,40,2020-12-28 00:00:00,2020-12-28 00:00:00,40
590,X-564-41-1,"700796",18,2,1,2,1899-12-30 13:47:45,"",false,false,1899-12-30 19:53:59,10,2020-12-28 00:00:00,2020-12-28 00:00:00,10
591,X-552-15-D,"700819",16,2,1,2,1899-12-30 13:50:12,"",false,true,1899-12-30 19:30:25,60,2020-12-28 00:00:00,2020-12-28 00:00:00,60
592,X-741-32-3,"701094",1,9,1,2,1899-12-30 13:53:34,This job has some adjustment,false,false,1899-12-30 21:56:49,110,2020-12-28 00:00:00,2020-12-28 00:00:00,110
593,X-780-95-6,"701297",165,1,1,2,1899-12-30 13:54:21,ready for first shift 12/29,false,false,1899-12-30 07:59:54,30,2020-12-28 00:00:00,2020-12-29 00:00:00,30
594,X-780-95-6,"701296",165,1,1,2,1899-12-30 13:55:02,ready for first shift 12/29,false,false,1899-12-30 10:40:06,30,2020-12-28 00:00:00,2020-12-29 00:00:00,30
595,X-728-37-B,"701103",2,2,1,2,1899-12-30 16:32:21,"",false,false,1899-12-30 19:30:40,30,2020-12-28 00:00:00,2020-12-28 00:00:00,30
596,X-531-86-A,"699869",178,1,1,2,1899-12-30 16:52:36,ready for first 12/29/20,false,true,1899-12-30 07:29:06,40,2020-12-28 00:00:00,2020-12-29 00:00:00,40
597,X-531-86-A,"699870",178,1,1,2,1899-12-30 16:53:30,ready for first 12/29/20,false,true,1899-12-30 10:46:47,40,2020-12-28 00:00:00,2020-12-29 00:00:00,40
598,X-306-96-A,"700803",3,3,1,2,1899-12-30 19:50:57,Op #40 needs R0266. Batch was debubbled for 20 minutes without it. Had issues finding material in racks,false,false,1899-12-30 18:26:00,40,2020-12-28 00:00:00,2020-12-29 00:00:00,40
599,X-288-98-1,"701301",14,2,1,2,1899-12-30 20:09:08,op 30 needs to be started,false,false,1899-12-30 04:40:54,10,2020-12-28 00:00:00,2020-12-29 00:00:00,10
600,X-481-47-F,"701104",10,2,1,2,1899-12-30 22:18:43,Opt 20 mixed. Need to mix more and re-check grind reading-if good continue to OPT 30.-TH,true,false,1899-12-30 10:11:12,60,2020-12-28 00:00:00,2020-12-29 00:00:00,60
601,X-765-71-1A,"700806",20,4,1,2,1899-12-30 04:06:47,"",false,false,1899-12-30 12:56:36,70,2020-12-29 00:00:00,2020-12-29 00:00:00,70
602,X-698-98-A,"700797",80,5,1,2,1899-12-30 05:03:58,"",false,false,1899-12-30 13:28:10,90,2020-12-29 00:00:00,2020-12-29 00:00:00,90
603,X-709-48-9,"701096",18,2,1,2,1899-12-30 06:06:36,"",false,false,1899-12-30 12:47:13,30,2020-12-29 00:00:00,2020-12-29 00:00:00,30
604,X-675-22-A,"701109",14,4,1,2,1899-12-30 13:41:15,Downpacked and cleaned ross and mixer---JP,false,false,1899-12-30 22:54:19,120,2020-12-29 00:00:00,2020-12-29 00:00:00,120
605,X-489-23-B,"700684",90,1,1,2,1899-12-30 13:42:43,Downpacked and cleaned cooker---TH,false,false,1899-12-30 22:55:36,60,2020-12-29 00:00:00,2020-12-29 00:00:00,60
606,X-489-23-B,"700683",90,1,1,3,1899-12-30 13:45:49,"COULD NOT CONTINUE, NOT ENOUGH R0338 TO FINISH BATCH. ORDERED TO PUT ASIDE NEAR MIXER 7",false,false,,10,2020-12-29 00:00:00,,30
607,X-519-55-B,"701363",5,2,2,2,1899-12-30 13:53:39,"",false,false,1899-12-30 14:30:44,60,2020-12-29 00:00:00,2020-12-29 00:00:00,60
608,X-766-27-1,"701365",1,2,2,2,1899-12-30 13:56:11,"",false,false,1899-12-30 14:51:14,50,2020-12-29 00:00:00,2020-12-29 00:00:00,50
609,X-494-96-A,"701302",4,2,1,2,1899-12-30 18:37:22,"",false,false,1899-12-30 22:35:58,40,2020-12-29 00:00:00,2020-12-29 00:00:00,40
610,X-381-42-1,"701368",181,1,1,2,1899-12-30 20:31:43,Op #20 Done; R0273 placed in oven at 6:10PM on 12/29/20,false,false,1899-12-30 13:02:54,30,2020-12-29 00:00:00,2020-12-30 00:00:00,30
611,X-282-35-1,"701299",18,2,1,5,1899-12-30 04:08:51,"",false,false,,50,2020-12-30 00:00:00,,10
612,X-762-75-1,"701383",1,9,1,2,1899-12-30 04:12:37,"",false,false,1899-12-30 12:39:23,60,2020-12-30 00:00:00,2020-12-30 00:00:00,60
613,X-728-42-B,"701372",4,2,1,5,1899-12-30 04:13:42,"",false,false,,30,2020-12-30 00:00:00,,10
614,X-345-7-A,"701370",2,2,1,2,1899-12-30 04:24:32,"",false,true,1899-12-30 07:49:12,40,2020-12-30 00:00:00,2020-12-30 00:00:00,40
615,W0151,"701391",181,1,1,2,1899-12-30 05:04:39,"",false,false,1899-12-30 09:54:47,10,2020-12-30 00:00:00,2020-12-30 00:00:00,10
616,"4708769000","699585",196,6,1,2,1899-12-30 05:07:47,"",false,false,1899-12-30 13:21:51,30,2020-12-30 00:00:00,2020-12-30 00:00:00,30
617,X-726-41-1,"701381",4,2,1,2,1899-12-30 05:08:38,"",false,false,1899-12-30 12:39:45,40,2020-12-30 00:00:00,2020-12-30 00:00:00,40
618,X-726-41-1,"701374",6,2,1,2,1899-12-30 05:09:27,"",false,false,1899-12-30 12:39:58,40,2020-12-30 00:00:00,2020-12-30 00:00:00,40
619,W0044,"700811",6,2,1,2,1899-12-30 05:34:20,"",false,false,1899-12-30 06:33:06,10,2020-12-30 00:00:00,2020-12-30 00:00:00,10
620,X-821-7-9,"701375",2,2,1,2,1899-12-30 07:58:28,"",false,false,1899-12-30 12:46:56,40,2020-12-30 00:00:00,2020-12-30 00:00:00,40
621,X-762-28-1,"701377",4,2,1,2,1899-12-30 10:29:29,"",false,false,1899-12-30 11:19:46,20,2020-12-30 00:00:00,2020-12-30 00:00:00,20
622,X-212-67-1,"701470",2,2,2,2,1899-12-30 10:30:41,"",false,false,1899-12-30 10:59:38,10,2020-12-30 00:00:00,2020-12-30 00:00:00,10
623,X-766-27-1,"701365",1,9,2,2,1899-12-30 12:41:13,"",false,false,1899-12-30 12:59:42,10,2020-12-30 00:00:00,2020-12-30 00:00:00,10
624,X-439-91-A,"700433",1400,7,1,2,1899-12-30 13:37:26,"",false,false,1899-12-30 23:24:54,30,2020-12-30 00:00:00,2020-12-30 00:00:00,30
625,X-282-35-1,"701299",18,2,1,2,1899-12-30 13:41:44,"",false,false,1899-12-30 19:46:18,10,2020-12-30 00:00:00,2020-12-30 00:00:00,10
626,X-766-5-8,"700687",300,6,1,2,1899-12-30 13:43:50,"",false,false,1899-12-30 22:36:07,30,2020-12-30 00:00:00,2020-12-30 00:00:00,30
627,X-785-55-8,"701378",1,9,1,2,1899-12-30 13:46:35,waiting for R.B. approval to continue it is in a 1 gallon pail in the fridge,false,false,1899-12-30 17:43:59,70,2020-12-30 00:00:00,2020-12-31 00:00:00,70
628,X-572-42-1,"700812",65,5,1,2,1899-12-30 13:47:27,"",false,false,1899-12-30 20:47:56,40,2020-12-30 00:00:00,2020-12-30 00:00:00,40
629,X-766-68-5,"701379",1,3,1,2,1899-12-30 13:55:58,"",false,false,1899-12-30 18:16:58,50,2020-12-30 00:00:00,2020-12-30 00:00:00,50
630,X-572-60-1,"701380",4,2,1,2,1899-12-30 18:44:10,"",false,false,1899-12-30 21:36:09,20,2020-12-30 00:00:00,2020-12-30 00:00:00,20
631,X-726-10-4,"701477",6,2,1,2,1899-12-30 21:53:58,"Job is incomplete, only (oper#10) is done.",false,false,1899-12-30 05:23:43,30,2020-12-30 00:00:00,2020-12-31 00:00:00,30
632,X-728-42-B,"701372",4,2,1,2,1899-12-30 04:13:20,"",false,false,1899-12-30 10:46:56,30,2020-12-31 00:00:00,2020-12-31 00:00:00,30
633,X-461-22-C,"701367",18,2,1,2,1899-12-30 04:59:00,"",false,false,1899-12-30 12:49:15,30,2020-12-31 00:00:00,2020-12-31 00:00:00,30
634,X-564-30-9,"701476",60,1,1,2,1899-12-30 05:06:18,"",false,true,1899-12-30 09:44:05,40,2020-12-31 00:00:00,2020-12-31 00:00:00,40
635,"4706016000","700794",112,5,1,2,1899-12-30 05:08:36,"",false,false,1899-12-30 13:26:09,30,2020-12-31 00:00:00,2020-12-31 00:00:00,30
636,X-617-97-12,"701303",3,2,1,2,1899-12-30 05:52:00,"",false,false,1899-12-30 08:20:12,40,2020-12-31 00:00:00,2020-12-31 00:00:00,40
637,X-671-59-2,"701371",4,2,1,2,1899-12-30 08:30:44,"",false,false,1899-12-30 10:51:54,50,2020-12-31 00:00:00,2020-12-31 00:00:00,50
638,X-465-89-C,"700817",14,2,1,2,1899-12-30 11:51:58,"done up to op#30


Job is completed and send it to Mill ( 2nd shift)",false,false,1899-12-30 15:21:53,40,2020-12-31 00:00:00,2020-12-31 00:00:00,40
639,X-345-7-A,"701566",2,2,2,2,1899-12-30 13:55:59,"",false,false,1899-12-30 14:27:38,10,2020-12-31 00:00:00,2020-12-31 00:00:00,10
640,X-465-89-B,"701298",18,2,1,2,1899-12-30 13:58:32,"",false,false,1899-12-30 17:06:39,10,2020-12-31 00:00:00,2020-12-31 00:00:00,10
641,X-792-13-2,"701478",2,2,1,2,1899-12-30 14:16:51,"",false,false,1899-12-30 17:42:50,40,2020-12-31 00:00:00,2020-12-31 00:00:00,40
642,X-755-68-1,"701561",2,2,1,2,1899-12-30 15:35:19,"PART # R0720 did not show on super backflush.
I manually added that part.",false,false,1899-12-30 17:50:16,20,2020-12-31 00:00:00,2020-12-31 00:00:00,20
643,X-806-67-7,"701474",3,3,1,2,1899-12-30 04:03:26,"",false,false,1899-12-30 13:25:52,40,2021-01-04 00:00:00,2021-01-04 00:00:00,40
644,X-765-71-1A,"701479",31,4,1,2,1899-12-30 04:14:44,"",false,false,1899-12-30 13:31:04,70,2021-01-04 00:00:00,2021-01-04 00:00:00,70
645,X-511-78-A-PP,"701373",78,1,1,2,1899-12-30 05:02:21,"",false,false,1899-12-30 13:29:30,20,2021-01-04 00:00:00,2021-01-04 00:00:00,20
646,X-675-82-A,"700791",120,5,1,2,1899-12-30 05:08:36,"",false,false,1899-12-30 13:26:13,90,2021-01-04 00:00:00,2021-01-04 00:00:00,90
647,X-531-86-A,"699872",178,1,1,2,1899-12-30 05:11:34,"",false,true,1899-12-30 13:23:19,40,2021-01-04 00:00:00,2021-01-04 00:00:00,40
648,X-531-86-A,"699871",178,1,1,2,1899-12-30 05:19:01,"",false,false,1899-12-30 13:32:50,40,2021-01-04 00:00:00,2021-01-04 00:00:00,40
649,X-728-13-B,"700815",4,2,1,2,1899-12-30 05:56:09,"",false,false,1899-12-30 10:18:53,30,2021-01-04 00:00:00,2021-01-04 00:00:00,30
650,X-250-45-A,"700808",18,2,1,2,1899-12-30 10:35:17,"",false,false,1899-12-30 15:55:07,30,2021-01-04 00:00:00,2021-01-04 00:00:00,30
651,X-777-93-3,"701382",19,4,1,2,1899-12-30 13:41:51,"",false,false,1899-12-30 22:39:17,40,2021-01-04 00:00:00,2021-01-04 00:00:00,40
652,X-391-28-B,"701369",300,6,1,2,1899-12-30 13:43:47,"",false,false,1899-12-30 21:58:23,60,2021-01-04 00:00:00,2021-01-04 00:00:00,60
653,X-726-85-3,"701100",1,3,1,2,1899-12-30 13:48:13,"",false,true,1899-12-30 17:50:32,50,2021-01-04 00:00:00,2021-01-04 00:00:00,50
654,X-391-17-A,"701573",181,1,1,2,1899-12-30 14:39:37,AT OPT 40. Cooling in fridge.-TH,false,false,1899-12-30 09:05:08,50,2021-01-04 00:00:00,2021-01-05 00:00:00,50
655,X-728-41-B,"701578",80,1,1,2,1899-12-30 16:39:24,"",false,false,1899-12-30 21:26:34,10,2021-01-04 00:00:00,2021-01-04 00:00:00,10
656,X-656-71-K,"700802",2,2,1,2,1899-12-30 18:06:27,"",false,false,1899-12-30 21:12:37,30,2021-01-04 00:00:00,2021-01-04 00:00:00,30
657,X-451-15-B,"701574",40,1,1,2,1899-12-30 19:32:31,w0138 filtered and added to drum,false,false,1899-12-30 09:04:50,10,2021-01-04 00:00:00,2021-01-05 00:00:00,10
658,X-301-4-3,"701711",36,1,1,2,1899-12-30 19:48:58,"Started in Pilot Plant-TH
At opt 40 needed to add R0004 Aerosil",false,false,1899-12-30 06:56:05,30,2021-01-04 00:00:00,2021-01-05 00:00:00,30
659,X-489-10-D,"701575",4,2,1,2,1899-12-30 04:02:58,"",false,true,1899-12-30 10:45:38,60,2021-01-05 00:00:00,2021-01-05 00:00:00,60
660,X-789-24-1,"701699",3,3,1,2,1899-12-30 04:10:38,"Job was completed on 1st shift, 
I did (down pack) and Nitrogen purge.---- M.I",false,false,1899-12-30 16:10:34,90,2021-01-05 00:00:00,2021-01-05 00:00:00,90
661,X-598-69-1A,"700818",2,2,1,2,1899-12-30 04:12:05,"",false,false,1899-12-30 08:29:03,30,2021-01-05 00:00:00,2021-01-05 00:00:00,30
662,X-531-86-A,"699874",178,1,1,2,1899-12-30 04:58:53,"",false,false,1899-12-30 09:29:23,40,2021-01-05 00:00:00,2021-01-05 00:00:00,40
663,X-531-86-A,"699873",178,1,1,2,1899-12-30 05:03:12,"",false,true,1899-12-30 12:07:16,40,2021-01-05 00:00:00,2021-01-05 00:00:00,40
664,X-389-28-A,"700688",150,1,1,2,1899-12-30 05:04:08,FILTER,false,true,1899-12-30 10:43:15,60,2021-01-05 00:00:00,2021-01-05 00:00:00,60
665,X-451-15-D,"701705",18,2,1,2,1899-12-30 05:22:49,"",false,false,1899-12-30 11:06:05,50,2021-01-05 00:00:00,2021-01-05 00:00:00,50
666,X-465-26-B,"701582",2,2,1,2,1899-12-30 08:31:11,"",false,false,1899-12-30 12:34:26,50,2021-01-05 00:00:00,2021-01-05 00:00:00,50
667,X-506-80-C,"701576",300,6,1,2,1899-12-30 09:07:18,Continued from last op. Cooled batcha and added last materials. Passed visc. Test---VA,true,true,1899-12-30 18:01:13,70,2021-01-05 00:00:00,2021-01-05 00:00:00,70
668,X-728-37-B,"701586",2,2,1,5,1899-12-30 09:26:42,"",false,false,,30,2021-01-05 00:00:00,,10
669,X-519-55-B,"701710",4,2,1,2,1899-12-30 09:36:52,"",false,true,1899-12-30 12:50:43,50,2021-01-05 00:00:00,2021-01-05 00:00:00,50
670,X-572-60-1,"701719",60,1,1,2,1899-12-30 12:37:04,"",false,false,1899-12-30 13:25:23,20,2021-01-05 00:00:00,2021-01-05 00:00:00,20
671,X-656-8-A,"701577",125,5,1,2,1899-12-30 13:50:59,Down packed and cleaned 40 gal ross----VA,true,false,1899-12-30 21:02:08,100,2021-01-05 00:00:00,2021-01-05 00:00:00,100
672,X-320-67-2,"701572",7,2,1,2,1899-12-30 13:54:03,"",false,false,1899-12-30 19:49:00,10,2021-01-05 00:00:00,2021-01-05 00:00:00,10
673,X-572-60-1,"701719",60,1,1,2,1899-12-30 14:15:59,"This job was completed by first shift (JAY).
I just sealed the drum and took care of the weight.    ------ M.I",false,false,1899-12-30 14:18:52,20,2021-01-05 00:00:00,2021-01-05 00:00:00,20
674,W0113,"701844",5,2,2,2,1899-12-30 17:01:45,Placed in Oven B--MI,false,false,1899-12-30 21:02:36,10,2021-01-05 00:00:00,2021-01-05 00:00:00,10
675,X-728-37-B,"701715",4,2,1,2,1899-12-30 21:53:53,"Job started around 6:30pm , But I forgot to log on.",false,false,1899-12-30 21:56:16,30,2021-01-05 00:00:00,2021-01-05 00:00:00,30
676,X-584-34-B,"701579",17,2,1,3,1899-12-30 04:00:06,needs to cool naturally and slowly..NO WATER,false,false,,50,2021-01-06 00:00:00,,20
677,X-762-75-1,"701708",1,9,1,1,1899-12-30 04:07:57,"",false,false,,60,2021-01-06 00:00:00,,10
678,X-461-39-C,"701588",6,2,1,2,1899-12-30 04:09:53,"",false,false,1899-12-30 08:25:17,40,2021-01-06 00:00:00,2021-01-06 00:00:00,40
679,X-531-86-A,"699876",178,1,1,2,1899-12-30 04:58:43,"",false,true,1899-12-30 12:28:10,40,2021-01-06 00:00:00,2021-01-06 00:00:00,40
680,X-728-74-A,"701706",18,2,1,2,1899-12-30 05:02:08,"",false,false,1899-12-30 10:40:42,35,2021-01-06 00:00:00,2021-01-06 00:00:00,35
681,X-770-80-2,"701571",31,4,1,2,1899-12-30 05:03:16,"",true,false,1899-12-30 12:34:13,130,2021-01-06 00:00:00,2021-01-06 00:00:00,130
682,X-728-14-B,"701712",181,1,1,2,1899-12-30 05:04:43,COOLING DOWN,false,false,1899-12-30 11:48:50,40,2021-01-06 00:00:00,2021-01-06 00:00:00,40
683,X-531-86-A,"699875",178,1,1,2,1899-12-30 05:10:15,"",false,false,1899-12-30 10:04:33,40,2021-01-06 00:00:00,2021-01-06 00:00:00,40
684,X-534-91-C,"701709",18,2,1,5,1899-12-30 08:30:41,"",false,false,,40,2021-01-06 00:00:00,,10
685,X-405-18-1,"701585",181,1,1,2,1899-12-30 08:32:35,"",false,false,1899-12-30 13:11:40,30,2021-01-06 00:00:00,2021-01-06 00:00:00,30
686,X-726-76-3,"701714",14,2,1,1,1899-12-30 08:38:18,"",false,false,,30,2021-01-06 00:00:00,,10
687,X-728-27-B,"701833",181,1,1,3,1899-12-30 10:28:10,Oligomer needs to be poured ( last step ) and complete batch,false,false,,20,2021-01-06 00:00:00,,10
688,X-372-57-A,"700814",6,2,1,3,1899-12-30 10:50:40,r0273 needs to be put in oven.,false,false,,30,2021-01-06 00:00:00,,20
